county,precinct,office,district,seats,party,candidate,votes
Emery,1 EMERY,President,,,,Total Votes,177
Emery,1 EMERY,President,,,NON,Cornel Ronald WEST / Melina ABDULLAH,0
Emery,1 EMERY,President,,,NON,"Lucifer ""JUSTIN CASE"" EVERYLOVE",1
Emery,1 EMERY,President,,,CON,Joel SKOUSEN / Rik COMBS,0
Emery,1 EMERY,President,,,GRN,Jill STEIN / Rudolph WARE,0
Emery,1 EMERY,President,,,REP,Donald J. TRUMP / JD VANCE,152
Emery,1 EMERY,President,,,LBT,Chase OLIVER / Mike ter MAAT,1
Emery,1 EMERY,President,,,DEM,Kamala D. HARRIS / Tim WALZ,22
Emery,1 EMERY,President,,,NON,Claudia DE LA CRUZ / Karina Alexandra GARCIA,0
Emery,1 EMERY,President,,,,FUTURE MADAM POTUS,0
Emery,1 EMERY,President,,,,Peter SONSKI / Lauren Michelle ONAK,0
Emery,1 EMERY,President,,,,Jay J BOWMAN / De D. BOWMAN,0
Emery,1 EMERY,President,,,,Steve M. JOHNSON,0
Emery,1 EMERY,President,,,,Andre Ramon McNEIL,0
Emery,1 EMERY,President,,,,Shondra Yevette IRVING,0
Emery,1 EMERY,President,,,,Buddie Arden WILKERSON,0
Emery,1 EMERY,President,,,,Over Votes,0
Emery,1 EMERY,President,,,,Under Votes,0
Emery,1 EMERY,U.S. Senate,,,,Total Votes,177
Emery,1 EMERY,U.S. Senate,,,IAP,Carlton E. BOWEN,15
Emery,1 EMERY,U.S. Senate,,,REP,John CURTIS,145
Emery,1 EMERY,U.S. Senate,,,DEM,Caroline GLEICH,13
Emery,1 EMERY,U.S. Senate,,,,Laird FETZER HAMBLIN,0
Emery,1 EMERY,U.S. Senate,,,,Over Votes,0
Emery,1 EMERY,U.S. Senate,,,,Under Votes,2
Emery,1 EMERY,U.S. House,3,,,Total Votes,177
Emery,1 EMERY,U.S. House,3,,DEM,Glenn J. WRIGHT,18
Emery,1 EMERY,U.S. House,3,,REP,Mike KENNEDY,154
Emery,1 EMERY,U.S. House,3,,,Over Votes,0
Emery,1 EMERY,U.S. House,3,,,Under Votes,5
Emery,1 EMERY,Governor,,,,Total Votes,177
Emery,1 EMERY,Governor,,,REP,Spencer J. COX / Deidre M. HENDERSON,123
Emery,1 EMERY,Governor,,,IAP,Tommy WILLIAMS / Archie A. WILLIAMS III,7
Emery,1 EMERY,Governor,,,DEM,Brian SMITH KING / Rebekah CUMMINGS,13
Emery,1 EMERY,Governor,,,LBT,J. Robert LATHAM / Barry Evan SHORT,3
Emery,1 EMERY,Governor,,,NON,Tom TOMENY / William LANSING TAYLOR,1
Emery,1 EMERY,Governor,,,,Phil LYMAN / Natalie CLAWSON,26
Emery,1 EMERY,Governor,,,,Charlie TAUTUAA / Sylvia MIERA FISK,0
Emery,1 EMERY,Governor,,,,Over Votes,0
Emery,1 EMERY,Governor,,,,Under Votes,4
Emery,1 EMERY,Attorney General,,,,Total Votes,177
Emery,1 EMERY,Attorney General,,,REP,Derek BROWN,150
Emery,1 EMERY,Attorney General,,,DEM,Rudy J BAUTISTA,12
Emery,1 EMERY,Attorney General,,,LBT,W. Andrew McCULLOUGH,3
Emery,1 EMERY,Attorney General,,,NON,Austin HEPWORTH,6
Emery,1 EMERY,Attorney General,,,UUP,Michelle QUIST,2
Emery,1 EMERY,Attorney General,,,,Over Votes,0
Emery,1 EMERY,Attorney General,,,,Under Votes,4
Emery,1 EMERY,State Auditor,,,,Total Votes,177
Emery,1 EMERY,State Auditor,,,REP,Tina CANNON,152
Emery,1 EMERY,State Auditor,,,CON,Jeffrey L. OSTLER,9
Emery,1 EMERY,State Auditor,,,DEM,Catherine VOUTAZ,12
Emery,1 EMERY,State Auditor,,,,Over Votes,0
Emery,1 EMERY,State Auditor,,,,Under Votes,4
Emery,1 EMERY,State Treasurer,,,,Total Votes,177
Emery,1 EMERY,State Treasurer,,,UFP,Miles POMEROY,4
Emery,1 EMERY,State Treasurer,,,REP,Marlo M. OAKS,148
Emery,1 EMERY,State Treasurer,,,DEM,Neil A HANSEN,19
Emery,1 EMERY,State Treasurer,,,,Over Votes,0
Emery,1 EMERY,State Treasurer,,,,Under Votes,6
Emery,1 EMERY,State Senate,26,,,Total Votes,177
Emery,1 EMERY,State Senate,26,,NON,Oran STAINBROOK,2
Emery,1 EMERY,State Senate,26,,DEM,Corbin David FROST,10
Emery,1 EMERY,State Senate,26,,REP,David HINKINS,158
Emery,1 EMERY,State Senate,26,,,Over Votes,0
Emery,1 EMERY,State Senate,26,,,Under Votes,7
Emery,1 EMERY,State House,69,,,Total Votes,177
Emery,1 EMERY,State House,69,,REP,Logan James MONSON,151
Emery,1 EMERY,State House,69,,DEM,Davina SMITH,21
Emery,1 EMERY,State House,69,,,Over Votes,0
Emery,1 EMERY,State House,69,,,Under Votes,5
Emery,1 EMERY,County Commissioner,,,,Total Votes,177
Emery,1 EMERY,County Commissioner,,,REP,Dennis R. WORWOOD,165
Emery,1 EMERY,County Commissioner,,,,Over Votes,0
Emery,1 EMERY,County Commissioner,,,,Under Votes,12
Emery,1 EMERY,County Assessor,,,,Total Votes,177
Emery,1 EMERY,County Assessor,,,REP,Kris BELL,150
Emery,1 EMERY,County Assessor,,,,Over Votes,0
Emery,1 EMERY,County Assessor,,,,Under Votes,27
Emery,1 EMERY,County Treasurer/Recorder,,,,Total Votes,177
Emery,1 EMERY,County Treasurer/Recorder,,,REP,Josie STILSON,150
Emery,1 EMERY,County Treasurer/Recorder,,,,Over Votes,0
Emery,1 EMERY,County Treasurer/Recorder,,,,Under Votes,27
Emery,1 EMERY,Retain Supreme Court Justice-Matthew B. DURRANT,,,,Total Votes,177
Emery,1 EMERY,Retain Supreme Court Justice-Matthew B. DURRANT,,,NON,Yes,118
Emery,1 EMERY,Retain Supreme Court Justice-Matthew B. DURRANT,,,NON,No,37
Emery,1 EMERY,Retain Supreme Court Justice-Matthew B. DURRANT,,,,Over Votes,0
Emery,1 EMERY,Retain Supreme Court Justice-Matthew B. DURRANT,,,,Under Votes,22
Emery,1 EMERY,Retain Court of Appeals Justice-Ryan D. TENNEY,,,,Total Votes,177
Emery,1 EMERY,Retain Court of Appeals Justice-Ryan D. TENNEY,,,NON,Yes,117
Emery,1 EMERY,Retain Court of Appeals Justice-Ryan D. TENNEY,,,NON,No,38
Emery,1 EMERY,Retain Court of Appeals Justice-Ryan D. TENNEY,,,,Over Votes,0
Emery,1 EMERY,Retain Court of Appeals Justice-Ryan D. TENNEY,,,,Under Votes,22
Emery,1 EMERY,Retain 7th District Court Judge-Jeremiah C. HUMES,,,,Total Votes,177
Emery,1 EMERY,Retain 7th District Court Judge-Jeremiah C. HUMES,,,NON,Yes,113
Emery,1 EMERY,Retain 7th District Court Judge-Jeremiah C. HUMES,,,NON,No,38
Emery,1 EMERY,Retain 7th District Court Judge-Jeremiah C. HUMES,,,,Over Votes,0
Emery,1 EMERY,Retain 7th District Court Judge-Jeremiah C. HUMES,,,,Under Votes,26
Emery,1 EMERY,Constitutional Amendment B,,,,Total Votes,177
Emery,1 EMERY,Constitutional Amendment B,,,NON,For,102
Emery,1 EMERY,Constitutional Amendment B,,,NON,Against,65
Emery,1 EMERY,Constitutional Amendment B,,,,Over Votes,0
Emery,1 EMERY,Constitutional Amendment B,,,,Under Votes,10
Emery,1 EMERY,Constitutional Amendment C,,,,Total Votes,177
Emery,1 EMERY,Constitutional Amendment C,,,NON,For,147
Emery,1 EMERY,Constitutional Amendment C,,,NON,Against,24
Emery,1 EMERY,Constitutional Amendment C,,,,Over Votes,0
Emery,1 EMERY,Constitutional Amendment C,,,,Under Votes,6
Emery,2 FERRON SOUTH,President,,,,Total Votes,467
Emery,2 FERRON SOUTH,President,,,NON,Cornel Ronald WEST / Melina ABDULLAH,0
Emery,2 FERRON SOUTH,President,,,NON,"Lucifer ""JUSTIN CASE"" EVERYLOVE",0
Emery,2 FERRON SOUTH,President,,,CON,Joel SKOUSEN / Rik COMBS,0
Emery,2 FERRON SOUTH,President,,,GRN,Jill STEIN / Rudolph WARE,1
Emery,2 FERRON SOUTH,President,,,REP,Donald J. TRUMP / JD VANCE,419
Emery,2 FERRON SOUTH,President,,,LBT,Chase OLIVER / Mike ter MAAT,4
Emery,2 FERRON SOUTH,President,,,DEM,Kamala D. HARRIS / Tim WALZ,36
Emery,2 FERRON SOUTH,President,,,NON,Claudia DE LA CRUZ / Karina Alexandra GARCIA,0
Emery,2 FERRON SOUTH,President,,,,FUTURE MADAM POTUS,0
Emery,2 FERRON SOUTH,President,,,,Peter SONSKI / Lauren Michelle ONAK,0
Emery,2 FERRON SOUTH,President,,,,Jay J BOWMAN / De D. BOWMAN,0
Emery,2 FERRON SOUTH,President,,,,Steve M. JOHNSON,0
Emery,2 FERRON SOUTH,President,,,,Andre Ramon McNEIL,0
Emery,2 FERRON SOUTH,President,,,,Shondra Yevette IRVING,0
Emery,2 FERRON SOUTH,President,,,,Buddie Arden WILKERSON,0
Emery,2 FERRON SOUTH,President,,,,Over Votes,0
Emery,2 FERRON SOUTH,President,,,,Under Votes,5
Emery,2 FERRON SOUTH,U.S. Senate,,,,Total Votes,467
Emery,2 FERRON SOUTH,U.S. Senate,,,IAP,Carlton E. BOWEN,27
Emery,2 FERRON SOUTH,U.S. Senate,,,REP,John CURTIS,401
Emery,2 FERRON SOUTH,U.S. Senate,,,DEM,Caroline GLEICH,29
Emery,2 FERRON SOUTH,U.S. Senate,,,,Laird FETZER HAMBLIN,0
Emery,2 FERRON SOUTH,U.S. Senate,,,,Over Votes,0
Emery,2 FERRON SOUTH,U.S. Senate,,,,Under Votes,10
Emery,2 FERRON SOUTH,U.S. House,3,,,Total Votes,467
Emery,2 FERRON SOUTH,U.S. House,3,,DEM,Glenn J. WRIGHT,31
Emery,2 FERRON SOUTH,U.S. House,3,,REP,Mike KENNEDY,415
Emery,2 FERRON SOUTH,U.S. House,3,,,Over Votes,0
Emery,2 FERRON SOUTH,U.S. House,3,,,Under Votes,21
Emery,2 FERRON SOUTH,Governor,,,,Total Votes,467
Emery,2 FERRON SOUTH,Governor,,,REP,Spencer J. COX / Deidre M. HENDERSON,303
Emery,2 FERRON SOUTH,Governor,,,IAP,Tommy WILLIAMS / Archie A. WILLIAMS III,9
Emery,2 FERRON SOUTH,Governor,,,DEM,Brian SMITH KING / Rebekah CUMMINGS,31
Emery,2 FERRON SOUTH,Governor,,,LBT,J. Robert LATHAM / Barry Evan SHORT,17
Emery,2 FERRON SOUTH,Governor,,,NON,Tom TOMENY / William LANSING TAYLOR,0
Emery,2 FERRON SOUTH,Governor,,,,Phil LYMAN / Natalie CLAWSON,90
Emery,2 FERRON SOUTH,Governor,,,,Charlie TAUTUAA / Sylvia MIERA FISK,1
Emery,2 FERRON SOUTH,Governor,,,,Over Votes,0
Emery,2 FERRON SOUTH,Governor,,,,Under Votes,15
Emery,2 FERRON SOUTH,Attorney General,,,,Total Votes,467
Emery,2 FERRON SOUTH,Attorney General,,,REP,Derek BROWN,390
Emery,2 FERRON SOUTH,Attorney General,,,DEM,Rudy J BAUTISTA,31
Emery,2 FERRON SOUTH,Attorney General,,,LBT,W. Andrew McCULLOUGH,20
Emery,2 FERRON SOUTH,Attorney General,,,NON,Austin HEPWORTH,6
Emery,2 FERRON SOUTH,Attorney General,,,UUP,Michelle QUIST,7
Emery,2 FERRON SOUTH,Attorney General,,,,Over Votes,0
Emery,2 FERRON SOUTH,Attorney General,,,,Under Votes,13
Emery,2 FERRON SOUTH,State Auditor,,,,Total Votes,467
Emery,2 FERRON SOUTH,State Auditor,,,REP,Tina CANNON,397
Emery,2 FERRON SOUTH,State Auditor,,,CON,Jeffrey L. OSTLER,23
Emery,2 FERRON SOUTH,State Auditor,,,DEM,Catherine VOUTAZ,31
Emery,2 FERRON SOUTH,State Auditor,,,,Over Votes,0
Emery,2 FERRON SOUTH,State Auditor,,,,Under Votes,16
Emery,2 FERRON SOUTH,State Treasurer,,,,Total Votes,467
Emery,2 FERRON SOUTH,State Treasurer,,,UFP,Miles POMEROY,9
Emery,2 FERRON SOUTH,State Treasurer,,,REP,Marlo M. OAKS,409
Emery,2 FERRON SOUTH,State Treasurer,,,DEM,Neil A HANSEN,32
Emery,2 FERRON SOUTH,State Treasurer,,,,Over Votes,0
Emery,2 FERRON SOUTH,State Treasurer,,,,Under Votes,17
Emery,2 FERRON SOUTH,State Senate,26,,,Total Votes,467
Emery,2 FERRON SOUTH,State Senate,26,,NON,Oran STAINBROOK,11
Emery,2 FERRON SOUTH,State Senate,26,,DEM,Corbin David FROST,32
Emery,2 FERRON SOUTH,State Senate,26,,REP,David HINKINS,420
Emery,2 FERRON SOUTH,State Senate,26,,,Over Votes,0
Emery,2 FERRON SOUTH,State Senate,26,,,Under Votes,4
Emery,2 FERRON SOUTH,State House,69,,,Total Votes,467
Emery,2 FERRON SOUTH,State House,69,,REP,Logan James MONSON,392
Emery,2 FERRON SOUTH,State House,69,,DEM,Davina SMITH,62
Emery,2 FERRON SOUTH,State House,69,,,Over Votes,0
Emery,2 FERRON SOUTH,State House,69,,,Under Votes,13
Emery,2 FERRON SOUTH,County Commissioner,,,,Total Votes,467
Emery,2 FERRON SOUTH,County Commissioner,,,REP,Dennis R. WORWOOD,430
Emery,2 FERRON SOUTH,County Commissioner,,,,Over Votes,0
Emery,2 FERRON SOUTH,County Commissioner,,,,Under Votes,37
Emery,2 FERRON SOUTH,County Assessor,,,,Total Votes,467
Emery,2 FERRON SOUTH,County Assessor,,,REP,Kris BELL,385
Emery,2 FERRON SOUTH,County Assessor,,,,Over Votes,0
Emery,2 FERRON SOUTH,County Assessor,,,,Under Votes,82
Emery,2 FERRON SOUTH,County Treasurer/Recorder,,,,Total Votes,467
Emery,2 FERRON SOUTH,County Treasurer/Recorder,,,REP,Josie STILSON,412
Emery,2 FERRON SOUTH,County Treasurer/Recorder,,,,Over Votes,0
Emery,2 FERRON SOUTH,County Treasurer/Recorder,,,,Under Votes,55
Emery,2 FERRON SOUTH,Local School Board,1,,,Total Votes,467
Emery,2 FERRON SOUTH,Local School Board,1,,NON,McKenzi NIELSON GUYMON,216
Emery,2 FERRON SOUTH,Local School Board,1,,NON,Benjamin TANEY,226
Emery,2 FERRON SOUTH,Local School Board,1,,,Over Votes,0
Emery,2 FERRON SOUTH,Local School Board,1,,,Under Votes,25
Emery,2 FERRON SOUTH,Retain Supreme Court Justice-Matthew B. DURRANT,,,,Total Votes,467
Emery,2 FERRON SOUTH,Retain Supreme Court Justice-Matthew B. DURRANT,,,NON,Yes,334
Emery,2 FERRON SOUTH,Retain Supreme Court Justice-Matthew B. DURRANT,,,NON,No,86
Emery,2 FERRON SOUTH,Retain Supreme Court Justice-Matthew B. DURRANT,,,,Over Votes,0
Emery,2 FERRON SOUTH,Retain Supreme Court Justice-Matthew B. DURRANT,,,,Under Votes,47
Emery,2 FERRON SOUTH,Retain Court of Appeals Justice-Ryan D. TENNEY,,,,Total Votes,467
Emery,2 FERRON SOUTH,Retain Court of Appeals Justice-Ryan D. TENNEY,,,NON,Yes,332
Emery,2 FERRON SOUTH,Retain Court of Appeals Justice-Ryan D. TENNEY,,,NON,No,84
Emery,2 FERRON SOUTH,Retain Court of Appeals Justice-Ryan D. TENNEY,,,,Over Votes,0
Emery,2 FERRON SOUTH,Retain Court of Appeals Justice-Ryan D. TENNEY,,,,Under Votes,51
Emery,2 FERRON SOUTH,Retain 7th District Court Judge-Jeremiah C. HUMES,,,,Total Votes,467
Emery,2 FERRON SOUTH,Retain 7th District Court Judge-Jeremiah C. HUMES,,,NON,Yes,331
Emery,2 FERRON SOUTH,Retain 7th District Court Judge-Jeremiah C. HUMES,,,NON,No,89
Emery,2 FERRON SOUTH,Retain 7th District Court Judge-Jeremiah C. HUMES,,,,Over Votes,0
Emery,2 FERRON SOUTH,Retain 7th District Court Judge-Jeremiah C. HUMES,,,,Under Votes,47
Emery,2 FERRON SOUTH,Constitutional Amendment B,,,,Total Votes,467
Emery,2 FERRON SOUTH,Constitutional Amendment B,,,NON,For,273
Emery,2 FERRON SOUTH,Constitutional Amendment B,,,NON,Against,172
Emery,2 FERRON SOUTH,Constitutional Amendment B,,,,Over Votes,0
Emery,2 FERRON SOUTH,Constitutional Amendment B,,,,Under Votes,22
Emery,2 FERRON SOUTH,Constitutional Amendment C,,,,Total Votes,467
Emery,2 FERRON SOUTH,Constitutional Amendment C,,,NON,For,413
Emery,2 FERRON SOUTH,Constitutional Amendment C,,,NON,Against,33
Emery,2 FERRON SOUTH,Constitutional Amendment C,,,,Over Votes,0
Emery,2 FERRON SOUTH,Constitutional Amendment C,,,,Under Votes,21
Emery,3 FERRON NORTH,President,,,,Total Votes,388
Emery,3 FERRON NORTH,President,,,NON,Cornel Ronald WEST / Melina ABDULLAH,0
Emery,3 FERRON NORTH,President,,,NON,"Lucifer ""JUSTIN CASE"" EVERYLOVE",0
Emery,3 FERRON NORTH,President,,,CON,Joel SKOUSEN / Rik COMBS,1
Emery,3 FERRON NORTH,President,,,GRN,Jill STEIN / Rudolph WARE,1
Emery,3 FERRON NORTH,President,,,REP,Donald J. TRUMP / JD VANCE,325
Emery,3 FERRON NORTH,President,,,LBT,Chase OLIVER / Mike ter MAAT,3
Emery,3 FERRON NORTH,President,,,DEM,Kamala D. HARRIS / Tim WALZ,50
Emery,3 FERRON NORTH,President,,,NON,Claudia DE LA CRUZ / Karina Alexandra GARCIA,0
Emery,3 FERRON NORTH,President,,,,FUTURE MADAM POTUS,0
Emery,3 FERRON NORTH,President,,,,Peter SONSKI / Lauren Michelle ONAK,0
Emery,3 FERRON NORTH,President,,,,Jay J BOWMAN / De D. BOWMAN,0
Emery,3 FERRON NORTH,President,,,,Steve M. JOHNSON,0
Emery,3 FERRON NORTH,President,,,,Andre Ramon McNEIL,0
Emery,3 FERRON NORTH,President,,,,Shondra Yevette IRVING,0
Emery,3 FERRON NORTH,President,,,,Buddie Arden WILKERSON,0
Emery,3 FERRON NORTH,President,,,,Over Votes,0
Emery,3 FERRON NORTH,President,,,,Under Votes,4
Emery,3 FERRON NORTH,U.S. Senate,,,,Total Votes,388
Emery,3 FERRON NORTH,U.S. Senate,,,IAP,Carlton E. BOWEN,15
Emery,3 FERRON NORTH,U.S. Senate,,,REP,John CURTIS,314
Emery,3 FERRON NORTH,U.S. Senate,,,DEM,Caroline GLEICH,42
Emery,3 FERRON NORTH,U.S. Senate,,,,Laird FETZER HAMBLIN,0
Emery,3 FERRON NORTH,U.S. Senate,,,,Over Votes,0
Emery,3 FERRON NORTH,U.S. Senate,,,,Under Votes,14
Emery,3 FERRON NORTH,U.S. House,3,,,Total Votes,388
Emery,3 FERRON NORTH,U.S. House,3,,DEM,Glenn J. WRIGHT,50
Emery,3 FERRON NORTH,U.S. House,3,,REP,Mike KENNEDY,322
Emery,3 FERRON NORTH,U.S. House,3,,,Over Votes,0
Emery,3 FERRON NORTH,U.S. House,3,,,Under Votes,16
Emery,3 FERRON NORTH,Governor,,,,Total Votes,388
Emery,3 FERRON NORTH,Governor,,,REP,Spencer J. COX / Deidre M. HENDERSON,256
Emery,3 FERRON NORTH,Governor,,,IAP,Tommy WILLIAMS / Archie A. WILLIAMS III,7
Emery,3 FERRON NORTH,Governor,,,DEM,Brian SMITH KING / Rebekah CUMMINGS,39
Emery,3 FERRON NORTH,Governor,,,LBT,J. Robert LATHAM / Barry Evan SHORT,10
Emery,3 FERRON NORTH,Governor,,,NON,Tom TOMENY / William LANSING TAYLOR,3
Emery,3 FERRON NORTH,Governor,,,,Phil LYMAN / Natalie CLAWSON,62
Emery,3 FERRON NORTH,Governor,,,,Charlie TAUTUAA / Sylvia MIERA FISK,1
Emery,3 FERRON NORTH,Governor,,,,Over Votes,0
Emery,3 FERRON NORTH,Governor,,,,Under Votes,9
Emery,3 FERRON NORTH,Attorney General,,,,Total Votes,388
Emery,3 FERRON NORTH,Attorney General,,,REP,Derek BROWN,299
Emery,3 FERRON NORTH,Attorney General,,,DEM,Rudy J BAUTISTA,45
Emery,3 FERRON NORTH,Attorney General,,,LBT,W. Andrew McCULLOUGH,10
Emery,3 FERRON NORTH,Attorney General,,,NON,Austin HEPWORTH,5
Emery,3 FERRON NORTH,Attorney General,,,UUP,Michelle QUIST,16
Emery,3 FERRON NORTH,Attorney General,,,,Over Votes,0
Emery,3 FERRON NORTH,Attorney General,,,,Under Votes,13
Emery,3 FERRON NORTH,State Auditor,,,,Total Votes,388
Emery,3 FERRON NORTH,State Auditor,,,REP,Tina CANNON,308
Emery,3 FERRON NORTH,State Auditor,,,CON,Jeffrey L. OSTLER,20
Emery,3 FERRON NORTH,State Auditor,,,DEM,Catherine VOUTAZ,45
Emery,3 FERRON NORTH,State Auditor,,,,Over Votes,0
Emery,3 FERRON NORTH,State Auditor,,,,Under Votes,15
Emery,3 FERRON NORTH,State Treasurer,,,,Total Votes,388
Emery,3 FERRON NORTH,State Treasurer,,,UFP,Miles POMEROY,11
Emery,3 FERRON NORTH,State Treasurer,,,REP,Marlo M. OAKS,310
Emery,3 FERRON NORTH,State Treasurer,,,DEM,Neil A HANSEN,47
Emery,3 FERRON NORTH,State Treasurer,,,,Over Votes,0
Emery,3 FERRON NORTH,State Treasurer,,,,Under Votes,20
Emery,3 FERRON NORTH,State Senate,26,,,Total Votes,388
Emery,3 FERRON NORTH,State Senate,26,,NON,Oran STAINBROOK,9
Emery,3 FERRON NORTH,State Senate,26,,DEM,Corbin David FROST,41
Emery,3 FERRON NORTH,State Senate,26,,REP,David HINKINS,329
Emery,3 FERRON NORTH,State Senate,26,,,Over Votes,0
Emery,3 FERRON NORTH,State Senate,26,,,Under Votes,9
Emery,3 FERRON NORTH,State House,69,,,Total Votes,388
Emery,3 FERRON NORTH,State House,69,,REP,Logan James MONSON,303
Emery,3 FERRON NORTH,State House,69,,DEM,Davina SMITH,65
Emery,3 FERRON NORTH,State House,69,,,Over Votes,0
Emery,3 FERRON NORTH,State House,69,,,Under Votes,20
Emery,3 FERRON NORTH,County Commissioner,,,,Total Votes,388
Emery,3 FERRON NORTH,County Commissioner,,,REP,Dennis R. WORWOOD,359
Emery,3 FERRON NORTH,County Commissioner,,,,Over Votes,0
Emery,3 FERRON NORTH,County Commissioner,,,,Under Votes,29
Emery,3 FERRON NORTH,County Assessor,,,,Total Votes,388
Emery,3 FERRON NORTH,County Assessor,,,REP,Kris BELL,320
Emery,3 FERRON NORTH,County Assessor,,,,Over Votes,0
Emery,3 FERRON NORTH,County Assessor,,,,Under Votes,68
Emery,3 FERRON NORTH,County Treasurer/Recorder,,,,Total Votes,388
Emery,3 FERRON NORTH,County Treasurer/Recorder,,,REP,Josie STILSON,342
Emery,3 FERRON NORTH,County Treasurer/Recorder,,,,Over Votes,0
Emery,3 FERRON NORTH,County Treasurer/Recorder,,,,Under Votes,46
Emery,3 FERRON NORTH,Local School Board,1,,,Total Votes,388
Emery,3 FERRON NORTH,Local School Board,1,,NON,McKenzi NIELSON GUYMON,244
Emery,3 FERRON NORTH,Local School Board,1,,NON,Benjamin TANEY,120
Emery,3 FERRON NORTH,Local School Board,1,,,Over Votes,0
Emery,3 FERRON NORTH,Local School Board,1,,,Under Votes,24
Emery,3 FERRON NORTH,Retain Supreme Court Justice-Matthew B. DURRANT,,,,Total Votes,388
Emery,3 FERRON NORTH,Retain Supreme Court Justice-Matthew B. DURRANT,,,NON,Yes,275
Emery,3 FERRON NORTH,Retain Supreme Court Justice-Matthew B. DURRANT,,,NON,No,65
Emery,3 FERRON NORTH,Retain Supreme Court Justice-Matthew B. DURRANT,,,,Over Votes,0
Emery,3 FERRON NORTH,Retain Supreme Court Justice-Matthew B. DURRANT,,,,Under Votes,48
Emery,3 FERRON NORTH,Retain Court of Appeals Justice-Ryan D. TENNEY,,,,Total Votes,388
Emery,3 FERRON NORTH,Retain Court of Appeals Justice-Ryan D. TENNEY,,,NON,Yes,274
Emery,3 FERRON NORTH,Retain Court of Appeals Justice-Ryan D. TENNEY,,,NON,No,65
Emery,3 FERRON NORTH,Retain Court of Appeals Justice-Ryan D. TENNEY,,,,Over Votes,0
Emery,3 FERRON NORTH,Retain Court of Appeals Justice-Ryan D. TENNEY,,,,Under Votes,49
Emery,3 FERRON NORTH,Retain 7th District Court Judge-Jeremiah C. HUMES,,,,Total Votes,388
Emery,3 FERRON NORTH,Retain 7th District Court Judge-Jeremiah C. HUMES,,,NON,Yes,279
Emery,3 FERRON NORTH,Retain 7th District Court Judge-Jeremiah C. HUMES,,,NON,No,60
Emery,3 FERRON NORTH,Retain 7th District Court Judge-Jeremiah C. HUMES,,,,Over Votes,0
Emery,3 FERRON NORTH,Retain 7th District Court Judge-Jeremiah C. HUMES,,,,Under Votes,49
Emery,3 FERRON NORTH,Constitutional Amendment B,,,,Total Votes,388
Emery,3 FERRON NORTH,Constitutional Amendment B,,,NON,For,224
Emery,3 FERRON NORTH,Constitutional Amendment B,,,NON,Against,141
Emery,3 FERRON NORTH,Constitutional Amendment B,,,,Over Votes,0
Emery,3 FERRON NORTH,Constitutional Amendment B,,,,Under Votes,23
Emery,3 FERRON NORTH,Constitutional Amendment C,,,,Total Votes,388
Emery,3 FERRON NORTH,Constitutional Amendment C,,,NON,For,326
Emery,3 FERRON NORTH,Constitutional Amendment C,,,NON,Against,40
Emery,3 FERRON NORTH,Constitutional Amendment C,,,,Over Votes,0
Emery,3 FERRON NORTH,Constitutional Amendment C,,,,Under Votes,22
Emery,4 CLAWSON,President,,,,Total Votes,185
Emery,4 CLAWSON,President,,,NON,Cornel Ronald WEST / Melina ABDULLAH,1
Emery,4 CLAWSON,President,,,NON,"Lucifer ""JUSTIN CASE"" EVERYLOVE",0
Emery,4 CLAWSON,President,,,CON,Joel SKOUSEN / Rik COMBS,0
Emery,4 CLAWSON,President,,,GRN,Jill STEIN / Rudolph WARE,0
Emery,4 CLAWSON,President,,,REP,Donald J. TRUMP / JD VANCE,173
Emery,4 CLAWSON,President,,,LBT,Chase OLIVER / Mike ter MAAT,0
Emery,4 CLAWSON,President,,,DEM,Kamala D. HARRIS / Tim WALZ,11
Emery,4 CLAWSON,President,,,NON,Claudia DE LA CRUZ / Karina Alexandra GARCIA,0
Emery,4 CLAWSON,President,,,,FUTURE MADAM POTUS,0
Emery,4 CLAWSON,President,,,,Peter SONSKI / Lauren Michelle ONAK,0
Emery,4 CLAWSON,President,,,,Jay J BOWMAN / De D. BOWMAN,0
Emery,4 CLAWSON,President,,,,Steve M. JOHNSON,0
Emery,4 CLAWSON,President,,,,Andre Ramon McNEIL,0
Emery,4 CLAWSON,President,,,,Shondra Yevette IRVING,0
Emery,4 CLAWSON,President,,,,Buddie Arden WILKERSON,0
Emery,4 CLAWSON,President,,,,Over Votes,0
Emery,4 CLAWSON,President,,,,Under Votes,0
Emery,4 CLAWSON,U.S. Senate,,,,Total Votes,185
Emery,4 CLAWSON,U.S. Senate,,,IAP,Carlton E. BOWEN,9
Emery,4 CLAWSON,U.S. Senate,,,REP,John CURTIS,163
Emery,4 CLAWSON,U.S. Senate,,,DEM,Caroline GLEICH,10
Emery,4 CLAWSON,U.S. Senate,,,,Laird FETZER HAMBLIN,0
Emery,4 CLAWSON,U.S. Senate,,,,Over Votes,1
Emery,4 CLAWSON,U.S. Senate,,,,Under Votes,2
Emery,4 CLAWSON,U.S. House,3,,,Total Votes,185
Emery,4 CLAWSON,U.S. House,3,,DEM,Glenn J. WRIGHT,12
Emery,4 CLAWSON,U.S. House,3,,REP,Mike KENNEDY,169
Emery,4 CLAWSON,U.S. House,3,,,Over Votes,0
Emery,4 CLAWSON,U.S. House,3,,,Under Votes,4
Emery,4 CLAWSON,Governor,,,,Total Votes,185
Emery,4 CLAWSON,Governor,,,REP,Spencer J. COX / Deidre M. HENDERSON,114
Emery,4 CLAWSON,Governor,,,IAP,Tommy WILLIAMS / Archie A. WILLIAMS III,6
Emery,4 CLAWSON,Governor,,,DEM,Brian SMITH KING / Rebekah CUMMINGS,10
Emery,4 CLAWSON,Governor,,,LBT,J. Robert LATHAM / Barry Evan SHORT,2
Emery,4 CLAWSON,Governor,,,NON,Tom TOMENY / William LANSING TAYLOR,1
Emery,4 CLAWSON,Governor,,,,Phil LYMAN / Natalie CLAWSON,46
Emery,4 CLAWSON,Governor,,,,Charlie TAUTUAA / Sylvia MIERA FISK,0
Emery,4 CLAWSON,Governor,,,,Over Votes,1
Emery,4 CLAWSON,Governor,,,,Under Votes,3
Emery,4 CLAWSON,Attorney General,,,,Total Votes,185
Emery,4 CLAWSON,Attorney General,,,REP,Derek BROWN,160
Emery,4 CLAWSON,Attorney General,,,DEM,Rudy J BAUTISTA,10
Emery,4 CLAWSON,Attorney General,,,LBT,W. Andrew McCULLOUGH,5
Emery,4 CLAWSON,Attorney General,,,NON,Austin HEPWORTH,4
Emery,4 CLAWSON,Attorney General,,,UUP,Michelle QUIST,2
Emery,4 CLAWSON,Attorney General,,,,Over Votes,1
Emery,4 CLAWSON,Attorney General,,,,Under Votes,3
Emery,4 CLAWSON,State Auditor,,,,Total Votes,185
Emery,4 CLAWSON,State Auditor,,,REP,Tina CANNON,154
Emery,4 CLAWSON,State Auditor,,,CON,Jeffrey L. OSTLER,10
Emery,4 CLAWSON,State Auditor,,,DEM,Catherine VOUTAZ,12
Emery,4 CLAWSON,State Auditor,,,,Over Votes,0
Emery,4 CLAWSON,State Auditor,,,,Under Votes,9
Emery,4 CLAWSON,State Treasurer,,,,Total Votes,185
Emery,4 CLAWSON,State Treasurer,,,UFP,Miles POMEROY,7
Emery,4 CLAWSON,State Treasurer,,,REP,Marlo M. OAKS,159
Emery,4 CLAWSON,State Treasurer,,,DEM,Neil A HANSEN,10
Emery,4 CLAWSON,State Treasurer,,,,Over Votes,0
Emery,4 CLAWSON,State Treasurer,,,,Under Votes,9
Emery,4 CLAWSON,State Senate,26,,,Total Votes,185
Emery,4 CLAWSON,State Senate,26,,NON,Oran STAINBROOK,6
Emery,4 CLAWSON,State Senate,26,,DEM,Corbin David FROST,15
Emery,4 CLAWSON,State Senate,26,,REP,David HINKINS,159
Emery,4 CLAWSON,State Senate,26,,,Over Votes,0
Emery,4 CLAWSON,State Senate,26,,,Under Votes,5
Emery,4 CLAWSON,State House,67,,,Total Votes,185
Emery,4 CLAWSON,State House,67,,DEM,Joe CHRISTMAN,22
Emery,4 CLAWSON,State House,67,,REP,Christine FACER WATKINS,157
Emery,4 CLAWSON,State House,67,,,Over Votes,0
Emery,4 CLAWSON,State House,67,,,Under Votes,6
Emery,4 CLAWSON,County Commissioner,,,,Total Votes,185
Emery,4 CLAWSON,County Commissioner,,,REP,Dennis R. WORWOOD,173
Emery,4 CLAWSON,County Commissioner,,,,Over Votes,0
Emery,4 CLAWSON,County Commissioner,,,,Under Votes,12
Emery,4 CLAWSON,County Assessor,,,,Total Votes,185
Emery,4 CLAWSON,County Assessor,,,REP,Kris BELL,144
Emery,4 CLAWSON,County Assessor,,,,Over Votes,0
Emery,4 CLAWSON,County Assessor,,,,Under Votes,41
Emery,4 CLAWSON,County Treasurer/Recorder,,,,Total Votes,185
Emery,4 CLAWSON,County Treasurer/Recorder,,,REP,Josie STILSON,160
Emery,4 CLAWSON,County Treasurer/Recorder,,,,Over Votes,0
Emery,4 CLAWSON,County Treasurer/Recorder,,,,Under Votes,25
Emery,4 CLAWSON,Local School Board,1,,,Total Votes,185
Emery,4 CLAWSON,Local School Board,1,,NON,McKenzi NIELSON GUYMON,90
Emery,4 CLAWSON,Local School Board,1,,NON,Benjamin TANEY,76
Emery,4 CLAWSON,Local School Board,1,,,Over Votes,0
Emery,4 CLAWSON,Local School Board,1,,,Under Votes,19
Emery,4 CLAWSON,Retain Supreme Court Justice-Matthew B. DURRANT,,,,Total Votes,185
Emery,4 CLAWSON,Retain Supreme Court Justice-Matthew B. DURRANT,,,NON,Yes,131
Emery,4 CLAWSON,Retain Supreme Court Justice-Matthew B. DURRANT,,,NON,No,31
Emery,4 CLAWSON,Retain Supreme Court Justice-Matthew B. DURRANT,,,,Over Votes,1
Emery,4 CLAWSON,Retain Supreme Court Justice-Matthew B. DURRANT,,,,Under Votes,22
Emery,4 CLAWSON,Retain Court of Appeals Justice-Ryan D. TENNEY,,,,Total Votes,185
Emery,4 CLAWSON,Retain Court of Appeals Justice-Ryan D. TENNEY,,,NON,Yes,130
Emery,4 CLAWSON,Retain Court of Appeals Justice-Ryan D. TENNEY,,,NON,No,32
Emery,4 CLAWSON,Retain Court of Appeals Justice-Ryan D. TENNEY,,,,Over Votes,0
Emery,4 CLAWSON,Retain Court of Appeals Justice-Ryan D. TENNEY,,,,Under Votes,23
Emery,4 CLAWSON,Retain 7th District Court Judge-Jeremiah C. HUMES,,,,Total Votes,185
Emery,4 CLAWSON,Retain 7th District Court Judge-Jeremiah C. HUMES,,,NON,Yes,133
Emery,4 CLAWSON,Retain 7th District Court Judge-Jeremiah C. HUMES,,,NON,No,34
Emery,4 CLAWSON,Retain 7th District Court Judge-Jeremiah C. HUMES,,,,Over Votes,0
Emery,4 CLAWSON,Retain 7th District Court Judge-Jeremiah C. HUMES,,,,Under Votes,18
Emery,4 CLAWSON,Constitutional Amendment B,,,,Total Votes,185
Emery,4 CLAWSON,Constitutional Amendment B,,,NON,For,94
Emery,4 CLAWSON,Constitutional Amendment B,,,NON,Against,79
Emery,4 CLAWSON,Constitutional Amendment B,,,,Over Votes,0
Emery,4 CLAWSON,Constitutional Amendment B,,,,Under Votes,12
Emery,4 CLAWSON,Constitutional Amendment C,,,,Total Votes,185
Emery,4 CLAWSON,Constitutional Amendment C,,,NON,For,165
Emery,4 CLAWSON,Constitutional Amendment C,,,NON,Against,14
Emery,4 CLAWSON,Constitutional Amendment C,,,,Over Votes,0
Emery,4 CLAWSON,Constitutional Amendment C,,,,Under Votes,6
Emery,5 ORANGEVILLE,President,,,,Total Votes,702
Emery,5 ORANGEVILLE,President,,,NON,Cornel Ronald WEST / Melina ABDULLAH,0
Emery,5 ORANGEVILLE,President,,,NON,"Lucifer ""JUSTIN CASE"" EVERYLOVE",1
Emery,5 ORANGEVILLE,President,,,CON,Joel SKOUSEN / Rik COMBS,1
Emery,5 ORANGEVILLE,President,,,GRN,Jill STEIN / Rudolph WARE,1
Emery,5 ORANGEVILLE,President,,,REP,Donald J. TRUMP / JD VANCE,592
Emery,5 ORANGEVILLE,President,,,LBT,Chase OLIVER / Mike ter MAAT,6
Emery,5 ORANGEVILLE,President,,,DEM,Kamala D. HARRIS / Tim WALZ,95
Emery,5 ORANGEVILLE,President,,,NON,Claudia DE LA CRUZ / Karina Alexandra GARCIA,0
Emery,5 ORANGEVILLE,President,,,,FUTURE MADAM POTUS,0
Emery,5 ORANGEVILLE,President,,,,Peter SONSKI / Lauren Michelle ONAK,0
Emery,5 ORANGEVILLE,President,,,,Jay J BOWMAN / De D. BOWMAN,0
Emery,5 ORANGEVILLE,President,,,,Steve M. JOHNSON,0
Emery,5 ORANGEVILLE,President,,,,Andre Ramon McNEIL,0
Emery,5 ORANGEVILLE,President,,,,Shondra Yevette IRVING,0
Emery,5 ORANGEVILLE,President,,,,Buddie Arden WILKERSON,0
Emery,5 ORANGEVILLE,President,,,,Over Votes,0
Emery,5 ORANGEVILLE,President,,,,Under Votes,5
Emery,5 ORANGEVILLE,U.S. Senate,,,,Total Votes,702
Emery,5 ORANGEVILLE,U.S. Senate,,,IAP,Carlton E. BOWEN,39
Emery,5 ORANGEVILLE,U.S. Senate,,,REP,John CURTIS,577
Emery,5 ORANGEVILLE,U.S. Senate,,,DEM,Caroline GLEICH,67
Emery,5 ORANGEVILLE,U.S. Senate,,,,Laird FETZER HAMBLIN,0
Emery,5 ORANGEVILLE,U.S. Senate,,,,Over Votes,0
Emery,5 ORANGEVILLE,U.S. Senate,,,,Under Votes,16
Emery,5 ORANGEVILLE,U.S. House,3,,,Total Votes,702
Emery,5 ORANGEVILLE,U.S. House,3,,DEM,Glenn J. WRIGHT,89
Emery,5 ORANGEVILLE,U.S. House,3,,REP,Mike KENNEDY,582
Emery,5 ORANGEVILLE,U.S. House,3,,,Over Votes,0
Emery,5 ORANGEVILLE,U.S. House,3,,,Under Votes,31
Emery,5 ORANGEVILLE,Governor,,,,Total Votes,702
Emery,5 ORANGEVILLE,Governor,,,REP,Spencer J. COX / Deidre M. HENDERSON,453
Emery,5 ORANGEVILLE,Governor,,,IAP,Tommy WILLIAMS / Archie A. WILLIAMS III,13
Emery,5 ORANGEVILLE,Governor,,,DEM,Brian SMITH KING / Rebekah CUMMINGS,59
Emery,5 ORANGEVILLE,Governor,,,LBT,J. Robert LATHAM / Barry Evan SHORT,14
Emery,5 ORANGEVILLE,Governor,,,NON,Tom TOMENY / William LANSING TAYLOR,2
Emery,5 ORANGEVILLE,Governor,,,,Phil LYMAN / Natalie CLAWSON,140
Emery,5 ORANGEVILLE,Governor,,,,Charlie TAUTUAA / Sylvia MIERA FISK,0
Emery,5 ORANGEVILLE,Governor,,,,Over Votes,0
Emery,5 ORANGEVILLE,Governor,,,,Under Votes,18
Emery,5 ORANGEVILLE,Attorney General,,,,Total Votes,702
Emery,5 ORANGEVILLE,Attorney General,,,REP,Derek BROWN,561
Emery,5 ORANGEVILLE,Attorney General,,,DEM,Rudy J BAUTISTA,74
Emery,5 ORANGEVILLE,Attorney General,,,LBT,W. Andrew McCULLOUGH,19
Emery,5 ORANGEVILLE,Attorney General,,,NON,Austin HEPWORTH,17
Emery,5 ORANGEVILLE,Attorney General,,,UUP,Michelle QUIST,10
Emery,5 ORANGEVILLE,Attorney General,,,,Over Votes,0
Emery,5 ORANGEVILLE,Attorney General,,,,Under Votes,21
Emery,5 ORANGEVILLE,State Auditor,,,,Total Votes,702
Emery,5 ORANGEVILLE,State Auditor,,,REP,Tina CANNON,570
Emery,5 ORANGEVILLE,State Auditor,,,CON,Jeffrey L. OSTLER,22
Emery,5 ORANGEVILLE,State Auditor,,,DEM,Catherine VOUTAZ,82
Emery,5 ORANGEVILLE,State Auditor,,,,Over Votes,0
Emery,5 ORANGEVILLE,State Auditor,,,,Under Votes,28
Emery,5 ORANGEVILLE,State Treasurer,,,,Total Votes,702
Emery,5 ORANGEVILLE,State Treasurer,,,UFP,Miles POMEROY,20
Emery,5 ORANGEVILLE,State Treasurer,,,REP,Marlo M. OAKS,570
Emery,5 ORANGEVILLE,State Treasurer,,,DEM,Neil A HANSEN,85
Emery,5 ORANGEVILLE,State Treasurer,,,,Over Votes,0
Emery,5 ORANGEVILLE,State Treasurer,,,,Under Votes,27
Emery,5 ORANGEVILLE,State Senate,26,,,Total Votes,702
Emery,5 ORANGEVILLE,State Senate,26,,NON,Oran STAINBROOK,13
Emery,5 ORANGEVILLE,State Senate,26,,DEM,Corbin David FROST,51
Emery,5 ORANGEVILLE,State Senate,26,,REP,David HINKINS,621
Emery,5 ORANGEVILLE,State Senate,26,,,Over Votes,0
Emery,5 ORANGEVILLE,State Senate,26,,,Under Votes,17
Emery,5 ORANGEVILLE,State House,67,,,Total Votes,702
Emery,5 ORANGEVILLE,State House,67,,DEM,Joe CHRISTMAN,119
Emery,5 ORANGEVILLE,State House,67,,REP,Christine FACER WATKINS,547
Emery,5 ORANGEVILLE,State House,67,,,Over Votes,1
Emery,5 ORANGEVILLE,State House,67,,,Under Votes,35
Emery,5 ORANGEVILLE,County Commissioner,,,,Total Votes,702
Emery,5 ORANGEVILLE,County Commissioner,,,REP,Dennis R. WORWOOD,618
Emery,5 ORANGEVILLE,County Commissioner,,,,Over Votes,0
Emery,5 ORANGEVILLE,County Commissioner,,,,Under Votes,84
Emery,5 ORANGEVILLE,County Assessor,,,,Total Votes,702
Emery,5 ORANGEVILLE,County Assessor,,,REP,Kris BELL,574
Emery,5 ORANGEVILLE,County Assessor,,,,Over Votes,0
Emery,5 ORANGEVILLE,County Assessor,,,,Under Votes,128
Emery,5 ORANGEVILLE,County Treasurer/Recorder,,,,Total Votes,702
Emery,5 ORANGEVILLE,County Treasurer/Recorder,,,REP,Josie STILSON,611
Emery,5 ORANGEVILLE,County Treasurer/Recorder,,,,Over Votes,0
Emery,5 ORANGEVILLE,County Treasurer/Recorder,,,,Under Votes,91
Emery,5 ORANGEVILLE,Local School Board,2,,,Total Votes,702
Emery,5 ORANGEVILLE,Local School Board,2,,NON,Tracey JOHNSON,140
Emery,5 ORANGEVILLE,Local School Board,2,,NON,Neal L. PEACOCK,528
Emery,5 ORANGEVILLE,Local School Board,2,,,Over Votes,0
Emery,5 ORANGEVILLE,Local School Board,2,,,Under Votes,34
Emery,5 ORANGEVILLE,Retain Supreme Court Justice-Matthew B. DURRANT,,,,Total Votes,702
Emery,5 ORANGEVILLE,Retain Supreme Court Justice-Matthew B. DURRANT,,,NON,Yes,521
Emery,5 ORANGEVILLE,Retain Supreme Court Justice-Matthew B. DURRANT,,,NON,No,95
Emery,5 ORANGEVILLE,Retain Supreme Court Justice-Matthew B. DURRANT,,,,Over Votes,1
Emery,5 ORANGEVILLE,Retain Supreme Court Justice-Matthew B. DURRANT,,,,Under Votes,85
Emery,5 ORANGEVILLE,Retain Court of Appeals Justice-Ryan D. TENNEY,,,,Total Votes,702
Emery,5 ORANGEVILLE,Retain Court of Appeals Justice-Ryan D. TENNEY,,,NON,Yes,518
Emery,5 ORANGEVILLE,Retain Court of Appeals Justice-Ryan D. TENNEY,,,NON,No,96
Emery,5 ORANGEVILLE,Retain Court of Appeals Justice-Ryan D. TENNEY,,,,Over Votes,0
Emery,5 ORANGEVILLE,Retain Court of Appeals Justice-Ryan D. TENNEY,,,,Under Votes,88
Emery,5 ORANGEVILLE,Retain 7th District Court Judge-Jeremiah C. HUMES,,,,Total Votes,702
Emery,5 ORANGEVILLE,Retain 7th District Court Judge-Jeremiah C. HUMES,,,NON,Yes,534
Emery,5 ORANGEVILLE,Retain 7th District Court Judge-Jeremiah C. HUMES,,,NON,No,90
Emery,5 ORANGEVILLE,Retain 7th District Court Judge-Jeremiah C. HUMES,,,,Over Votes,0
Emery,5 ORANGEVILLE,Retain 7th District Court Judge-Jeremiah C. HUMES,,,,Under Votes,78
Emery,5 ORANGEVILLE,Constitutional Amendment B,,,,Total Votes,702
Emery,5 ORANGEVILLE,Constitutional Amendment B,,,NON,For,375
Emery,5 ORANGEVILLE,Constitutional Amendment B,,,NON,Against,274
Emery,5 ORANGEVILLE,Constitutional Amendment B,,,,Over Votes,1
Emery,5 ORANGEVILLE,Constitutional Amendment B,,,,Under Votes,52
Emery,5 ORANGEVILLE,Constitutional Amendment C,,,,Total Votes,702
Emery,5 ORANGEVILLE,Constitutional Amendment C,,,NON,For,580
Emery,5 ORANGEVILLE,Constitutional Amendment C,,,NON,Against,79
Emery,5 ORANGEVILLE,Constitutional Amendment C,,,,Over Votes,0
Emery,5 ORANGEVILLE,Constitutional Amendment C,,,,Under Votes,43
Emery,6 CASTLE DALE WEST,President,,,,Total Votes,397
Emery,6 CASTLE DALE WEST,President,,,NON,Cornel Ronald WEST / Melina ABDULLAH,0
Emery,6 CASTLE DALE WEST,President,,,NON,"Lucifer ""JUSTIN CASE"" EVERYLOVE",2
Emery,6 CASTLE DALE WEST,President,,,CON,Joel SKOUSEN / Rik COMBS,3
Emery,6 CASTLE DALE WEST,President,,,GRN,Jill STEIN / Rudolph WARE,0
Emery,6 CASTLE DALE WEST,President,,,REP,Donald J. TRUMP / JD VANCE,329
Emery,6 CASTLE DALE WEST,President,,,LBT,Chase OLIVER / Mike ter MAAT,1
Emery,6 CASTLE DALE WEST,President,,,DEM,Kamala D. HARRIS / Tim WALZ,49
Emery,6 CASTLE DALE WEST,President,,,NON,Claudia DE LA CRUZ / Karina Alexandra GARCIA,0
Emery,6 CASTLE DALE WEST,President,,,,FUTURE MADAM POTUS,0
Emery,6 CASTLE DALE WEST,President,,,,Peter SONSKI / Lauren Michelle ONAK,0
Emery,6 CASTLE DALE WEST,President,,,,Jay J BOWMAN / De D. BOWMAN,0
Emery,6 CASTLE DALE WEST,President,,,,Steve M. JOHNSON,0
Emery,6 CASTLE DALE WEST,President,,,,Andre Ramon McNEIL,0
Emery,6 CASTLE DALE WEST,President,,,,Shondra Yevette IRVING,0
Emery,6 CASTLE DALE WEST,President,,,,Buddie Arden WILKERSON,0
Emery,6 CASTLE DALE WEST,President,,,,Over Votes,0
Emery,6 CASTLE DALE WEST,President,,,,Under Votes,9
Emery,6 CASTLE DALE WEST,U.S. Senate,,,,Total Votes,397
Emery,6 CASTLE DALE WEST,U.S. Senate,,,IAP,Carlton E. BOWEN,16
Emery,6 CASTLE DALE WEST,U.S. Senate,,,REP,John CURTIS,324
Emery,6 CASTLE DALE WEST,U.S. Senate,,,DEM,Caroline GLEICH,42
Emery,6 CASTLE DALE WEST,U.S. Senate,,,,Laird FETZER HAMBLIN,0
Emery,6 CASTLE DALE WEST,U.S. Senate,,,,Over Votes,0
Emery,6 CASTLE DALE WEST,U.S. Senate,,,,Under Votes,12
Emery,6 CASTLE DALE WEST,U.S. House,3,,,Total Votes,397
Emery,6 CASTLE DALE WEST,U.S. House,3,,DEM,Glenn J. WRIGHT,50
Emery,6 CASTLE DALE WEST,U.S. House,3,,REP,Mike KENNEDY,335
Emery,6 CASTLE DALE WEST,U.S. House,3,,,Over Votes,0
Emery,6 CASTLE DALE WEST,U.S. House,3,,,Under Votes,12
Emery,6 CASTLE DALE WEST,Governor,,,,Total Votes,397
Emery,6 CASTLE DALE WEST,Governor,,,REP,Spencer J. COX / Deidre M. HENDERSON,262
Emery,6 CASTLE DALE WEST,Governor,,,IAP,Tommy WILLIAMS / Archie A. WILLIAMS III,12
Emery,6 CASTLE DALE WEST,Governor,,,DEM,Brian SMITH KING / Rebekah CUMMINGS,45
Emery,6 CASTLE DALE WEST,Governor,,,LBT,J. Robert LATHAM / Barry Evan SHORT,7
Emery,6 CASTLE DALE WEST,Governor,,,NON,Tom TOMENY / William LANSING TAYLOR,1
Emery,6 CASTLE DALE WEST,Governor,,,,Phil LYMAN / Natalie CLAWSON,60
Emery,6 CASTLE DALE WEST,Governor,,,,Charlie TAUTUAA / Sylvia MIERA FISK,0
Emery,6 CASTLE DALE WEST,Governor,,,,Over Votes,0
Emery,6 CASTLE DALE WEST,Governor,,,,Under Votes,10
Emery,6 CASTLE DALE WEST,Attorney General,,,,Total Votes,397
Emery,6 CASTLE DALE WEST,Attorney General,,,REP,Derek BROWN,317
Emery,6 CASTLE DALE WEST,Attorney General,,,DEM,Rudy J BAUTISTA,46
Emery,6 CASTLE DALE WEST,Attorney General,,,LBT,W. Andrew McCULLOUGH,6
Emery,6 CASTLE DALE WEST,Attorney General,,,NON,Austin HEPWORTH,5
Emery,6 CASTLE DALE WEST,Attorney General,,,UUP,Michelle QUIST,9
Emery,6 CASTLE DALE WEST,Attorney General,,,,Over Votes,0
Emery,6 CASTLE DALE WEST,Attorney General,,,,Under Votes,14
Emery,6 CASTLE DALE WEST,State Auditor,,,,Total Votes,397
Emery,6 CASTLE DALE WEST,State Auditor,,,REP,Tina CANNON,322
Emery,6 CASTLE DALE WEST,State Auditor,,,CON,Jeffrey L. OSTLER,17
Emery,6 CASTLE DALE WEST,State Auditor,,,DEM,Catherine VOUTAZ,41
Emery,6 CASTLE DALE WEST,State Auditor,,,,Over Votes,0
Emery,6 CASTLE DALE WEST,State Auditor,,,,Under Votes,17
Emery,6 CASTLE DALE WEST,State Treasurer,,,,Total Votes,397
Emery,6 CASTLE DALE WEST,State Treasurer,,,UFP,Miles POMEROY,15
Emery,6 CASTLE DALE WEST,State Treasurer,,,REP,Marlo M. OAKS,315
Emery,6 CASTLE DALE WEST,State Treasurer,,,DEM,Neil A HANSEN,49
Emery,6 CASTLE DALE WEST,State Treasurer,,,,Over Votes,0
Emery,6 CASTLE DALE WEST,State Treasurer,,,,Under Votes,18
Emery,6 CASTLE DALE WEST,State Senate,26,,,Total Votes,397
Emery,6 CASTLE DALE WEST,State Senate,26,,NON,Oran STAINBROOK,12
Emery,6 CASTLE DALE WEST,State Senate,26,,DEM,Corbin David FROST,51
Emery,6 CASTLE DALE WEST,State Senate,26,,REP,David HINKINS,326
Emery,6 CASTLE DALE WEST,State Senate,26,,,Over Votes,0
Emery,6 CASTLE DALE WEST,State Senate,26,,,Under Votes,8
Emery,6 CASTLE DALE WEST,State House,67,,,Total Votes,397
Emery,6 CASTLE DALE WEST,State House,67,,DEM,Joe CHRISTMAN,70
Emery,6 CASTLE DALE WEST,State House,67,,REP,Christine FACER WATKINS,313
Emery,6 CASTLE DALE WEST,State House,67,,,Over Votes,0
Emery,6 CASTLE DALE WEST,State House,67,,,Under Votes,14
Emery,6 CASTLE DALE WEST,County Commissioner,,,,Total Votes,397
Emery,6 CASTLE DALE WEST,County Commissioner,,,REP,Dennis R. WORWOOD,338
Emery,6 CASTLE DALE WEST,County Commissioner,,,,Over Votes,0
Emery,6 CASTLE DALE WEST,County Commissioner,,,,Under Votes,59
Emery,6 CASTLE DALE WEST,County Assessor,,,,Total Votes,397
Emery,6 CASTLE DALE WEST,County Assessor,,,REP,Kris BELL,323
Emery,6 CASTLE DALE WEST,County Assessor,,,,Over Votes,0
Emery,6 CASTLE DALE WEST,County Assessor,,,,Under Votes,74
Emery,6 CASTLE DALE WEST,County Treasurer/Recorder,,,,Total Votes,397
Emery,6 CASTLE DALE WEST,County Treasurer/Recorder,,,REP,Josie STILSON,336
Emery,6 CASTLE DALE WEST,County Treasurer/Recorder,,,,Over Votes,0
Emery,6 CASTLE DALE WEST,County Treasurer/Recorder,,,,Under Votes,61
Emery,6 CASTLE DALE WEST,Local School Board,2,,,Total Votes,397
Emery,6 CASTLE DALE WEST,Local School Board,2,,NON,Tracey JOHNSON,57
Emery,6 CASTLE DALE WEST,Local School Board,2,,NON,Neal L. PEACOCK,313
Emery,6 CASTLE DALE WEST,Local School Board,2,,,Over Votes,0
Emery,6 CASTLE DALE WEST,Local School Board,2,,,Under Votes,27
Emery,6 CASTLE DALE WEST,Retain Supreme Court Justice-Matthew B. DURRANT,,,,Total Votes,397
Emery,6 CASTLE DALE WEST,Retain Supreme Court Justice-Matthew B. DURRANT,,,NON,Yes,271
Emery,6 CASTLE DALE WEST,Retain Supreme Court Justice-Matthew B. DURRANT,,,NON,No,77
Emery,6 CASTLE DALE WEST,Retain Supreme Court Justice-Matthew B. DURRANT,,,,Over Votes,0
Emery,6 CASTLE DALE WEST,Retain Supreme Court Justice-Matthew B. DURRANT,,,,Under Votes,49
Emery,6 CASTLE DALE WEST,Retain Court of Appeals Justice-Ryan D. TENNEY,,,,Total Votes,397
Emery,6 CASTLE DALE WEST,Retain Court of Appeals Justice-Ryan D. TENNEY,,,NON,Yes,272
Emery,6 CASTLE DALE WEST,Retain Court of Appeals Justice-Ryan D. TENNEY,,,NON,No,75
Emery,6 CASTLE DALE WEST,Retain Court of Appeals Justice-Ryan D. TENNEY,,,,Over Votes,0
Emery,6 CASTLE DALE WEST,Retain Court of Appeals Justice-Ryan D. TENNEY,,,,Under Votes,50
Emery,6 CASTLE DALE WEST,Retain 7th District Court Judge-Jeremiah C. HUMES,,,,Total Votes,397
Emery,6 CASTLE DALE WEST,Retain 7th District Court Judge-Jeremiah C. HUMES,,,NON,Yes,280
Emery,6 CASTLE DALE WEST,Retain 7th District Court Judge-Jeremiah C. HUMES,,,NON,No,67
Emery,6 CASTLE DALE WEST,Retain 7th District Court Judge-Jeremiah C. HUMES,,,,Over Votes,0
Emery,6 CASTLE DALE WEST,Retain 7th District Court Judge-Jeremiah C. HUMES,,,,Under Votes,50
Emery,6 CASTLE DALE WEST,Constitutional Amendment B,,,,Total Votes,397
Emery,6 CASTLE DALE WEST,Constitutional Amendment B,,,NON,For,236
Emery,6 CASTLE DALE WEST,Constitutional Amendment B,,,NON,Against,137
Emery,6 CASTLE DALE WEST,Constitutional Amendment B,,,,Over Votes,0
Emery,6 CASTLE DALE WEST,Constitutional Amendment B,,,,Under Votes,24
Emery,6 CASTLE DALE WEST,Constitutional Amendment C,,,,Total Votes,397
Emery,6 CASTLE DALE WEST,Constitutional Amendment C,,,NON,For,325
Emery,6 CASTLE DALE WEST,Constitutional Amendment C,,,NON,Against,51
Emery,6 CASTLE DALE WEST,Constitutional Amendment C,,,,Over Votes,0
Emery,6 CASTLE DALE WEST,Constitutional Amendment C,,,,Under Votes,21
Emery,7 CASTLE DALE EAST,President,,,,Total Votes,453
Emery,7 CASTLE DALE EAST,President,,,NON,Cornel Ronald WEST / Melina ABDULLAH,1
Emery,7 CASTLE DALE EAST,President,,,NON,"Lucifer ""JUSTIN CASE"" EVERYLOVE",0
Emery,7 CASTLE DALE EAST,President,,,CON,Joel SKOUSEN / Rik COMBS,2
Emery,7 CASTLE DALE EAST,President,,,GRN,Jill STEIN / Rudolph WARE,3
Emery,7 CASTLE DALE EAST,President,,,REP,Donald J. TRUMP / JD VANCE,384
Emery,7 CASTLE DALE EAST,President,,,LBT,Chase OLIVER / Mike ter MAAT,7
Emery,7 CASTLE DALE EAST,President,,,DEM,Kamala D. HARRIS / Tim WALZ,54
Emery,7 CASTLE DALE EAST,President,,,NON,Claudia DE LA CRUZ / Karina Alexandra GARCIA,0
Emery,7 CASTLE DALE EAST,President,,,,FUTURE MADAM POTUS,0
Emery,7 CASTLE DALE EAST,President,,,,Peter SONSKI / Lauren Michelle ONAK,0
Emery,7 CASTLE DALE EAST,President,,,,Jay J BOWMAN / De D. BOWMAN,0
Emery,7 CASTLE DALE EAST,President,,,,Steve M. JOHNSON,0
Emery,7 CASTLE DALE EAST,President,,,,Andre Ramon McNEIL,0
Emery,7 CASTLE DALE EAST,President,,,,Shondra Yevette IRVING,0
Emery,7 CASTLE DALE EAST,President,,,,Buddie Arden WILKERSON,0
Emery,7 CASTLE DALE EAST,President,,,,Over Votes,0
Emery,7 CASTLE DALE EAST,President,,,,Under Votes,1
Emery,7 CASTLE DALE EAST,U.S. Senate,,,,Total Votes,453
Emery,7 CASTLE DALE EAST,U.S. Senate,,,IAP,Carlton E. BOWEN,15
Emery,7 CASTLE DALE EAST,U.S. Senate,,,REP,John CURTIS,389
Emery,7 CASTLE DALE EAST,U.S. Senate,,,DEM,Caroline GLEICH,36
Emery,7 CASTLE DALE EAST,U.S. Senate,,,,Laird FETZER HAMBLIN,0
Emery,7 CASTLE DALE EAST,U.S. Senate,,,,Over Votes,1
Emery,7 CASTLE DALE EAST,U.S. Senate,,,,Under Votes,11
Emery,7 CASTLE DALE EAST,U.S. House,3,,,Total Votes,453
Emery,7 CASTLE DALE EAST,U.S. House,3,,DEM,Glenn J. WRIGHT,44
Emery,7 CASTLE DALE EAST,U.S. House,3,,REP,Mike KENNEDY,388
Emery,7 CASTLE DALE EAST,U.S. House,3,,,Over Votes,0
Emery,7 CASTLE DALE EAST,U.S. House,3,,,Under Votes,21
Emery,7 CASTLE DALE EAST,Governor,,,,Total Votes,453
Emery,7 CASTLE DALE EAST,Governor,,,REP,Spencer J. COX / Deidre M. HENDERSON,302
Emery,7 CASTLE DALE EAST,Governor,,,IAP,Tommy WILLIAMS / Archie A. WILLIAMS III,11
Emery,7 CASTLE DALE EAST,Governor,,,DEM,Brian SMITH KING / Rebekah CUMMINGS,43
Emery,7 CASTLE DALE EAST,Governor,,,LBT,J. Robert LATHAM / Barry Evan SHORT,9
Emery,7 CASTLE DALE EAST,Governor,,,NON,Tom TOMENY / William LANSING TAYLOR,2
Emery,7 CASTLE DALE EAST,Governor,,,,Phil LYMAN / Natalie CLAWSON,76
Emery,7 CASTLE DALE EAST,Governor,,,,Charlie TAUTUAA / Sylvia MIERA FISK,0
Emery,7 CASTLE DALE EAST,Governor,,,,Over Votes,0
Emery,7 CASTLE DALE EAST,Governor,,,,Under Votes,9
Emery,7 CASTLE DALE EAST,Attorney General,,,,Total Votes,453
Emery,7 CASTLE DALE EAST,Attorney General,,,REP,Derek BROWN,370
Emery,7 CASTLE DALE EAST,Attorney General,,,DEM,Rudy J BAUTISTA,40
Emery,7 CASTLE DALE EAST,Attorney General,,,LBT,W. Andrew McCULLOUGH,8
Emery,7 CASTLE DALE EAST,Attorney General,,,NON,Austin HEPWORTH,7
Emery,7 CASTLE DALE EAST,Attorney General,,,UUP,Michelle QUIST,14
Emery,7 CASTLE DALE EAST,Attorney General,,,,Over Votes,0
Emery,7 CASTLE DALE EAST,Attorney General,,,,Under Votes,14
Emery,7 CASTLE DALE EAST,State Auditor,,,,Total Votes,453
Emery,7 CASTLE DALE EAST,State Auditor,,,REP,Tina CANNON,380
Emery,7 CASTLE DALE EAST,State Auditor,,,CON,Jeffrey L. OSTLER,16
Emery,7 CASTLE DALE EAST,State Auditor,,,DEM,Catherine VOUTAZ,41
Emery,7 CASTLE DALE EAST,State Auditor,,,,Over Votes,0
Emery,7 CASTLE DALE EAST,State Auditor,,,,Under Votes,16
Emery,7 CASTLE DALE EAST,State Treasurer,,,,Total Votes,453
Emery,7 CASTLE DALE EAST,State Treasurer,,,UFP,Miles POMEROY,10
Emery,7 CASTLE DALE EAST,State Treasurer,,,REP,Marlo M. OAKS,377
Emery,7 CASTLE DALE EAST,State Treasurer,,,DEM,Neil A HANSEN,51
Emery,7 CASTLE DALE EAST,State Treasurer,,,,Over Votes,0
Emery,7 CASTLE DALE EAST,State Treasurer,,,,Under Votes,15
Emery,7 CASTLE DALE EAST,State Senate,26,,,Total Votes,453
Emery,7 CASTLE DALE EAST,State Senate,26,,NON,Oran STAINBROOK,19
Emery,7 CASTLE DALE EAST,State Senate,26,,DEM,Corbin David FROST,32
Emery,7 CASTLE DALE EAST,State Senate,26,,REP,David HINKINS,396
Emery,7 CASTLE DALE EAST,State Senate,26,,,Over Votes,0
Emery,7 CASTLE DALE EAST,State Senate,26,,,Under Votes,6
Emery,7 CASTLE DALE EAST,State House,67,,,Total Votes,453
Emery,7 CASTLE DALE EAST,State House,67,,DEM,Joe CHRISTMAN,77
Emery,7 CASTLE DALE EAST,State House,67,,REP,Christine FACER WATKINS,359
Emery,7 CASTLE DALE EAST,State House,67,,,Over Votes,0
Emery,7 CASTLE DALE EAST,State House,67,,,Under Votes,17
Emery,7 CASTLE DALE EAST,County Commissioner,,,,Total Votes,453
Emery,7 CASTLE DALE EAST,County Commissioner,,,REP,Dennis R. WORWOOD,400
Emery,7 CASTLE DALE EAST,County Commissioner,,,,Over Votes,0
Emery,7 CASTLE DALE EAST,County Commissioner,,,,Under Votes,53
Emery,7 CASTLE DALE EAST,County Assessor,,,,Total Votes,453
Emery,7 CASTLE DALE EAST,County Assessor,,,REP,Kris BELL,371
Emery,7 CASTLE DALE EAST,County Assessor,,,,Over Votes,0
Emery,7 CASTLE DALE EAST,County Assessor,,,,Under Votes,82
Emery,7 CASTLE DALE EAST,County Treasurer/Recorder,,,,Total Votes,453
Emery,7 CASTLE DALE EAST,County Treasurer/Recorder,,,REP,Josie STILSON,396
Emery,7 CASTLE DALE EAST,County Treasurer/Recorder,,,,Over Votes,0
Emery,7 CASTLE DALE EAST,County Treasurer/Recorder,,,,Under Votes,57
Emery,7 CASTLE DALE EAST,Local School Board,3,,,Total Votes,453
Emery,7 CASTLE DALE EAST,Local School Board,3,,NON,Todd R HUNTINGTON,376
Emery,7 CASTLE DALE EAST,Local School Board,3,,,Over Votes,0
Emery,7 CASTLE DALE EAST,Local School Board,3,,,Under Votes,77
Emery,7 CASTLE DALE EAST,Retain Supreme Court Justice-Matthew B. DURRANT,,,,Total Votes,453
Emery,7 CASTLE DALE EAST,Retain Supreme Court Justice-Matthew B. DURRANT,,,NON,Yes,341
Emery,7 CASTLE DALE EAST,Retain Supreme Court Justice-Matthew B. DURRANT,,,NON,No,60
Emery,7 CASTLE DALE EAST,Retain Supreme Court Justice-Matthew B. DURRANT,,,,Over Votes,0
Emery,7 CASTLE DALE EAST,Retain Supreme Court Justice-Matthew B. DURRANT,,,,Under Votes,52
Emery,7 CASTLE DALE EAST,Retain Court of Appeals Justice-Ryan D. TENNEY,,,,Total Votes,453
Emery,7 CASTLE DALE EAST,Retain Court of Appeals Justice-Ryan D. TENNEY,,,NON,Yes,336
Emery,7 CASTLE DALE EAST,Retain Court of Appeals Justice-Ryan D. TENNEY,,,NON,No,66
Emery,7 CASTLE DALE EAST,Retain Court of Appeals Justice-Ryan D. TENNEY,,,,Over Votes,0
Emery,7 CASTLE DALE EAST,Retain Court of Appeals Justice-Ryan D. TENNEY,,,,Under Votes,51
Emery,7 CASTLE DALE EAST,Retain 7th District Court Judge-Jeremiah C. HUMES,,,,Total Votes,453
Emery,7 CASTLE DALE EAST,Retain 7th District Court Judge-Jeremiah C. HUMES,,,NON,Yes,346
Emery,7 CASTLE DALE EAST,Retain 7th District Court Judge-Jeremiah C. HUMES,,,NON,No,58
Emery,7 CASTLE DALE EAST,Retain 7th District Court Judge-Jeremiah C. HUMES,,,,Over Votes,0
Emery,7 CASTLE DALE EAST,Retain 7th District Court Judge-Jeremiah C. HUMES,,,,Under Votes,49
Emery,7 CASTLE DALE EAST,Constitutional Amendment B,,,,Total Votes,453
Emery,7 CASTLE DALE EAST,Constitutional Amendment B,,,NON,For,270
Emery,7 CASTLE DALE EAST,Constitutional Amendment B,,,NON,Against,154
Emery,7 CASTLE DALE EAST,Constitutional Amendment B,,,,Over Votes,0
Emery,7 CASTLE DALE EAST,Constitutional Amendment B,,,,Under Votes,29
Emery,7 CASTLE DALE EAST,Constitutional Amendment C,,,,Total Votes,453
Emery,7 CASTLE DALE EAST,Constitutional Amendment C,,,NON,For,381
Emery,7 CASTLE DALE EAST,Constitutional Amendment C,,,NON,Against,51
Emery,7 CASTLE DALE EAST,Constitutional Amendment C,,,,Over Votes,1
Emery,7 CASTLE DALE EAST,Constitutional Amendment C,,,,Under Votes,20
Emery,8 HUNTINGTON EAST,President,,,,Total Votes,574
Emery,8 HUNTINGTON EAST,President,,,NON,Cornel Ronald WEST / Melina ABDULLAH,0
Emery,8 HUNTINGTON EAST,President,,,NON,"Lucifer ""JUSTIN CASE"" EVERYLOVE",1
Emery,8 HUNTINGTON EAST,President,,,CON,Joel SKOUSEN / Rik COMBS,0
Emery,8 HUNTINGTON EAST,President,,,GRN,Jill STEIN / Rudolph WARE,0
Emery,8 HUNTINGTON EAST,President,,,REP,Donald J. TRUMP / JD VANCE,485
Emery,8 HUNTINGTON EAST,President,,,LBT,Chase OLIVER / Mike ter MAAT,1
Emery,8 HUNTINGTON EAST,President,,,DEM,Kamala D. HARRIS / Tim WALZ,77
Emery,8 HUNTINGTON EAST,President,,,NON,Claudia DE LA CRUZ / Karina Alexandra GARCIA,1
Emery,8 HUNTINGTON EAST,President,,,,FUTURE MADAM POTUS,0
Emery,8 HUNTINGTON EAST,President,,,,Peter SONSKI / Lauren Michelle ONAK,0
Emery,8 HUNTINGTON EAST,President,,,,Jay J BOWMAN / De D. BOWMAN,0
Emery,8 HUNTINGTON EAST,President,,,,Steve M. JOHNSON,0
Emery,8 HUNTINGTON EAST,President,,,,Andre Ramon McNEIL,0
Emery,8 HUNTINGTON EAST,President,,,,Shondra Yevette IRVING,0
Emery,8 HUNTINGTON EAST,President,,,,Buddie Arden WILKERSON,0
Emery,8 HUNTINGTON EAST,President,,,,Over Votes,1
Emery,8 HUNTINGTON EAST,President,,,,Under Votes,5
Emery,8 HUNTINGTON EAST,U.S. Senate,,,,Total Votes,574
Emery,8 HUNTINGTON EAST,U.S. Senate,,,IAP,Carlton E. BOWEN,38
Emery,8 HUNTINGTON EAST,U.S. Senate,,,REP,John CURTIS,470
Emery,8 HUNTINGTON EAST,U.S. Senate,,,DEM,Caroline GLEICH,58
Emery,8 HUNTINGTON EAST,U.S. Senate,,,,Laird FETZER HAMBLIN,0
Emery,8 HUNTINGTON EAST,U.S. Senate,,,,Over Votes,0
Emery,8 HUNTINGTON EAST,U.S. Senate,,,,Under Votes,6
Emery,8 HUNTINGTON EAST,U.S. House,3,,,Total Votes,574
Emery,8 HUNTINGTON EAST,U.S. House,3,,DEM,Glenn J. WRIGHT,68
Emery,8 HUNTINGTON EAST,U.S. House,3,,REP,Mike KENNEDY,490
Emery,8 HUNTINGTON EAST,U.S. House,3,,,Over Votes,0
Emery,8 HUNTINGTON EAST,U.S. House,3,,,Under Votes,16
Emery,8 HUNTINGTON EAST,Governor,,,,Total Votes,574
Emery,8 HUNTINGTON EAST,Governor,,,REP,Spencer J. COX / Deidre M. HENDERSON,373
Emery,8 HUNTINGTON EAST,Governor,,,IAP,Tommy WILLIAMS / Archie A. WILLIAMS III,15
Emery,8 HUNTINGTON EAST,Governor,,,DEM,Brian SMITH KING / Rebekah CUMMINGS,52
Emery,8 HUNTINGTON EAST,Governor,,,LBT,J. Robert LATHAM / Barry Evan SHORT,14
Emery,8 HUNTINGTON EAST,Governor,,,NON,Tom TOMENY / William LANSING TAYLOR,6
Emery,8 HUNTINGTON EAST,Governor,,,,Phil LYMAN / Natalie CLAWSON,102
Emery,8 HUNTINGTON EAST,Governor,,,,Charlie TAUTUAA / Sylvia MIERA FISK,0
Emery,8 HUNTINGTON EAST,Governor,,,,Over Votes,1
Emery,8 HUNTINGTON EAST,Governor,,,,Under Votes,10
Emery,8 HUNTINGTON EAST,Attorney General,,,,Total Votes,574
Emery,8 HUNTINGTON EAST,Attorney General,,,REP,Derek BROWN,452
Emery,8 HUNTINGTON EAST,Attorney General,,,DEM,Rudy J BAUTISTA,54
Emery,8 HUNTINGTON EAST,Attorney General,,,LBT,W. Andrew McCULLOUGH,18
Emery,8 HUNTINGTON EAST,Attorney General,,,NON,Austin HEPWORTH,16
Emery,8 HUNTINGTON EAST,Attorney General,,,UUP,Michelle QUIST,21
Emery,8 HUNTINGTON EAST,Attorney General,,,,Over Votes,0
Emery,8 HUNTINGTON EAST,Attorney General,,,,Under Votes,13
Emery,8 HUNTINGTON EAST,State Auditor,,,,Total Votes,574
Emery,8 HUNTINGTON EAST,State Auditor,,,REP,Tina CANNON,469
Emery,8 HUNTINGTON EAST,State Auditor,,,CON,Jeffrey L. OSTLER,25
Emery,8 HUNTINGTON EAST,State Auditor,,,DEM,Catherine VOUTAZ,63
Emery,8 HUNTINGTON EAST,State Auditor,,,,Over Votes,0
Emery,8 HUNTINGTON EAST,State Auditor,,,,Under Votes,17
Emery,8 HUNTINGTON EAST,State Treasurer,,,,Total Votes,574
Emery,8 HUNTINGTON EAST,State Treasurer,,,UFP,Miles POMEROY,14
Emery,8 HUNTINGTON EAST,State Treasurer,,,REP,Marlo M. OAKS,472
Emery,8 HUNTINGTON EAST,State Treasurer,,,DEM,Neil A HANSEN,69
Emery,8 HUNTINGTON EAST,State Treasurer,,,,Over Votes,0
Emery,8 HUNTINGTON EAST,State Treasurer,,,,Under Votes,19
Emery,8 HUNTINGTON EAST,State Senate,26,,,Total Votes,574
Emery,8 HUNTINGTON EAST,State Senate,26,,NON,Oran STAINBROOK,21
Emery,8 HUNTINGTON EAST,State Senate,26,,DEM,Corbin David FROST,53
Emery,8 HUNTINGTON EAST,State Senate,26,,REP,David HINKINS,489
Emery,8 HUNTINGTON EAST,State Senate,26,,,Over Votes,0
Emery,8 HUNTINGTON EAST,State Senate,26,,,Under Votes,11
Emery,8 HUNTINGTON EAST,State House,67,,,Total Votes,574
Emery,8 HUNTINGTON EAST,State House,67,,DEM,Joe CHRISTMAN,91
Emery,8 HUNTINGTON EAST,State House,67,,REP,Christine FACER WATKINS,460
Emery,8 HUNTINGTON EAST,State House,67,,,Over Votes,0
Emery,8 HUNTINGTON EAST,State House,67,,,Under Votes,23
Emery,8 HUNTINGTON EAST,County Commissioner,,,,Total Votes,574
Emery,8 HUNTINGTON EAST,County Commissioner,,,REP,Dennis R. WORWOOD,517
Emery,8 HUNTINGTON EAST,County Commissioner,,,,Over Votes,0
Emery,8 HUNTINGTON EAST,County Commissioner,,,,Under Votes,57
Emery,8 HUNTINGTON EAST,County Assessor,,,,Total Votes,574
Emery,8 HUNTINGTON EAST,County Assessor,,,REP,Kris BELL,488
Emery,8 HUNTINGTON EAST,County Assessor,,,,Over Votes,0
Emery,8 HUNTINGTON EAST,County Assessor,,,,Under Votes,86
Emery,8 HUNTINGTON EAST,County Treasurer/Recorder,,,,Total Votes,574
Emery,8 HUNTINGTON EAST,County Treasurer/Recorder,,,REP,Josie STILSON,511
Emery,8 HUNTINGTON EAST,County Treasurer/Recorder,,,,Over Votes,0
Emery,8 HUNTINGTON EAST,County Treasurer/Recorder,,,,Under Votes,63
Emery,8 HUNTINGTON EAST,Local School Board,3,,,Total Votes,574
Emery,8 HUNTINGTON EAST,Local School Board,3,,NON,Todd R HUNTINGTON,498
Emery,8 HUNTINGTON EAST,Local School Board,3,,,Over Votes,0
Emery,8 HUNTINGTON EAST,Local School Board,3,,,Under Votes,76
Emery,8 HUNTINGTON EAST,Retain Supreme Court Justice-Matthew B. DURRANT,,,,Total Votes,574
Emery,8 HUNTINGTON EAST,Retain Supreme Court Justice-Matthew B. DURRANT,,,NON,Yes,436
Emery,8 HUNTINGTON EAST,Retain Supreme Court Justice-Matthew B. DURRANT,,,NON,No,79
Emery,8 HUNTINGTON EAST,Retain Supreme Court Justice-Matthew B. DURRANT,,,,Over Votes,0
Emery,8 HUNTINGTON EAST,Retain Supreme Court Justice-Matthew B. DURRANT,,,,Under Votes,59
Emery,8 HUNTINGTON EAST,Retain Court of Appeals Justice-Ryan D. TENNEY,,,,Total Votes,574
Emery,8 HUNTINGTON EAST,Retain Court of Appeals Justice-Ryan D. TENNEY,,,NON,Yes,435
Emery,8 HUNTINGTON EAST,Retain Court of Appeals Justice-Ryan D. TENNEY,,,NON,No,77
Emery,8 HUNTINGTON EAST,Retain Court of Appeals Justice-Ryan D. TENNEY,,,,Over Votes,0
Emery,8 HUNTINGTON EAST,Retain Court of Appeals Justice-Ryan D. TENNEY,,,,Under Votes,62
Emery,8 HUNTINGTON EAST,Retain 7th District Court Judge-Jeremiah C. HUMES,,,,Total Votes,574
Emery,8 HUNTINGTON EAST,Retain 7th District Court Judge-Jeremiah C. HUMES,,,NON,Yes,434
Emery,8 HUNTINGTON EAST,Retain 7th District Court Judge-Jeremiah C. HUMES,,,NON,No,85
Emery,8 HUNTINGTON EAST,Retain 7th District Court Judge-Jeremiah C. HUMES,,,,Over Votes,0
Emery,8 HUNTINGTON EAST,Retain 7th District Court Judge-Jeremiah C. HUMES,,,,Under Votes,55
Emery,8 HUNTINGTON EAST,Constitutional Amendment B,,,,Total Votes,574
Emery,8 HUNTINGTON EAST,Constitutional Amendment B,,,NON,For,348
Emery,8 HUNTINGTON EAST,Constitutional Amendment B,,,NON,Against,199
Emery,8 HUNTINGTON EAST,Constitutional Amendment B,,,,Over Votes,0
Emery,8 HUNTINGTON EAST,Constitutional Amendment B,,,,Under Votes,27
Emery,8 HUNTINGTON EAST,Constitutional Amendment C,,,,Total Votes,574
Emery,8 HUNTINGTON EAST,Constitutional Amendment C,,,NON,For,507
Emery,8 HUNTINGTON EAST,Constitutional Amendment C,,,NON,Against,47
Emery,8 HUNTINGTON EAST,Constitutional Amendment C,,,,Over Votes,1
Emery,8 HUNTINGTON EAST,Constitutional Amendment C,,,,Under Votes,19
Emery,9 HUNTINGTON WEST,President,,,,Total Votes,560
Emery,9 HUNTINGTON WEST,President,,,NON,Cornel Ronald WEST / Melina ABDULLAH,0
Emery,9 HUNTINGTON WEST,President,,,NON,"Lucifer ""JUSTIN CASE"" EVERYLOVE",0
Emery,9 HUNTINGTON WEST,President,,,CON,Joel SKOUSEN / Rik COMBS,6
Emery,9 HUNTINGTON WEST,President,,,GRN,Jill STEIN / Rudolph WARE,0
Emery,9 HUNTINGTON WEST,President,,,REP,Donald J. TRUMP / JD VANCE,478
Emery,9 HUNTINGTON WEST,President,,,LBT,Chase OLIVER / Mike ter MAAT,1
Emery,9 HUNTINGTON WEST,President,,,DEM,Kamala D. HARRIS / Tim WALZ,71
Emery,9 HUNTINGTON WEST,President,,,NON,Claudia DE LA CRUZ / Karina Alexandra GARCIA,0
Emery,9 HUNTINGTON WEST,President,,,,FUTURE MADAM POTUS,0
Emery,9 HUNTINGTON WEST,President,,,,Peter SONSKI / Lauren Michelle ONAK,0
Emery,9 HUNTINGTON WEST,President,,,,Jay J BOWMAN / De D. BOWMAN,0
Emery,9 HUNTINGTON WEST,President,,,,Steve M. JOHNSON,0
Emery,9 HUNTINGTON WEST,President,,,,Andre Ramon McNEIL,0
Emery,9 HUNTINGTON WEST,President,,,,Shondra Yevette IRVING,0
Emery,9 HUNTINGTON WEST,President,,,,Buddie Arden WILKERSON,0
Emery,9 HUNTINGTON WEST,President,,,,Over Votes,1
Emery,9 HUNTINGTON WEST,President,,,,Under Votes,3
Emery,9 HUNTINGTON WEST,U.S. Senate,,,,Total Votes,560
Emery,9 HUNTINGTON WEST,U.S. Senate,,,IAP,Carlton E. BOWEN,31
Emery,9 HUNTINGTON WEST,U.S. Senate,,,REP,John CURTIS,454
Emery,9 HUNTINGTON WEST,U.S. Senate,,,DEM,Caroline GLEICH,67
Emery,9 HUNTINGTON WEST,U.S. Senate,,,,Laird FETZER HAMBLIN,0
Emery,9 HUNTINGTON WEST,U.S. Senate,,,,Over Votes,0
Emery,9 HUNTINGTON WEST,U.S. Senate,,,,Under Votes,6
Emery,9 HUNTINGTON WEST,U.S. House,3,,,Total Votes,560
Emery,9 HUNTINGTON WEST,U.S. House,3,,DEM,Glenn J. WRIGHT,69
Emery,9 HUNTINGTON WEST,U.S. House,3,,REP,Mike KENNEDY,475
Emery,9 HUNTINGTON WEST,U.S. House,3,,,Over Votes,0
Emery,9 HUNTINGTON WEST,U.S. House,3,,,Under Votes,16
Emery,9 HUNTINGTON WEST,Governor,,,,Total Votes,560
Emery,9 HUNTINGTON WEST,Governor,,,REP,Spencer J. COX / Deidre M. HENDERSON,352
Emery,9 HUNTINGTON WEST,Governor,,,IAP,Tommy WILLIAMS / Archie A. WILLIAMS III,10
Emery,9 HUNTINGTON WEST,Governor,,,DEM,Brian SMITH KING / Rebekah CUMMINGS,60
Emery,9 HUNTINGTON WEST,Governor,,,LBT,J. Robert LATHAM / Barry Evan SHORT,12
Emery,9 HUNTINGTON WEST,Governor,,,NON,Tom TOMENY / William LANSING TAYLOR,8
Emery,9 HUNTINGTON WEST,Governor,,,,Phil LYMAN / Natalie CLAWSON,106
Emery,9 HUNTINGTON WEST,Governor,,,,Charlie TAUTUAA / Sylvia MIERA FISK,0
Emery,9 HUNTINGTON WEST,Governor,,,,Over Votes,1
Emery,9 HUNTINGTON WEST,Governor,,,,Under Votes,9
Emery,9 HUNTINGTON WEST,Attorney General,,,,Total Votes,560
Emery,9 HUNTINGTON WEST,Attorney General,,,REP,Derek BROWN,438
Emery,9 HUNTINGTON WEST,Attorney General,,,DEM,Rudy J BAUTISTA,59
Emery,9 HUNTINGTON WEST,Attorney General,,,LBT,W. Andrew McCULLOUGH,28
Emery,9 HUNTINGTON WEST,Attorney General,,,NON,Austin HEPWORTH,15
Emery,9 HUNTINGTON WEST,Attorney General,,,UUP,Michelle QUIST,10
Emery,9 HUNTINGTON WEST,Attorney General,,,,Over Votes,0
Emery,9 HUNTINGTON WEST,Attorney General,,,,Under Votes,10
Emery,9 HUNTINGTON WEST,State Auditor,,,,Total Votes,560
Emery,9 HUNTINGTON WEST,State Auditor,,,REP,Tina CANNON,461
Emery,9 HUNTINGTON WEST,State Auditor,,,CON,Jeffrey L. OSTLER,27
Emery,9 HUNTINGTON WEST,State Auditor,,,DEM,Catherine VOUTAZ,59
Emery,9 HUNTINGTON WEST,State Auditor,,,,Over Votes,0
Emery,9 HUNTINGTON WEST,State Auditor,,,,Under Votes,13
Emery,9 HUNTINGTON WEST,State Treasurer,,,,Total Votes,560
Emery,9 HUNTINGTON WEST,State Treasurer,,,UFP,Miles POMEROY,10
Emery,9 HUNTINGTON WEST,State Treasurer,,,REP,Marlo M. OAKS,460
Emery,9 HUNTINGTON WEST,State Treasurer,,,DEM,Neil A HANSEN,75
Emery,9 HUNTINGTON WEST,State Treasurer,,,,Over Votes,0
Emery,9 HUNTINGTON WEST,State Treasurer,,,,Under Votes,15
Emery,9 HUNTINGTON WEST,State Senate,26,,,Total Votes,560
Emery,9 HUNTINGTON WEST,State Senate,26,,NON,Oran STAINBROOK,19
Emery,9 HUNTINGTON WEST,State Senate,26,,DEM,Corbin David FROST,61
Emery,9 HUNTINGTON WEST,State Senate,26,,REP,David HINKINS,472
Emery,9 HUNTINGTON WEST,State Senate,26,,,Over Votes,0
Emery,9 HUNTINGTON WEST,State Senate,26,,,Under Votes,8
Emery,9 HUNTINGTON WEST,State House,67,,,Total Votes,560
Emery,9 HUNTINGTON WEST,State House,67,,DEM,Joe CHRISTMAN,129
Emery,9 HUNTINGTON WEST,State House,67,,REP,Christine FACER WATKINS,422
Emery,9 HUNTINGTON WEST,State House,67,,,Over Votes,0
Emery,9 HUNTINGTON WEST,State House,67,,,Under Votes,9
Emery,9 HUNTINGTON WEST,County Commissioner,,,,Total Votes,560
Emery,9 HUNTINGTON WEST,County Commissioner,,,REP,Dennis R. WORWOOD,473
Emery,9 HUNTINGTON WEST,County Commissioner,,,,Over Votes,0
Emery,9 HUNTINGTON WEST,County Commissioner,,,,Under Votes,87
Emery,9 HUNTINGTON WEST,County Assessor,,,,Total Votes,560
Emery,9 HUNTINGTON WEST,County Assessor,,,REP,Kris BELL,443
Emery,9 HUNTINGTON WEST,County Assessor,,,,Over Votes,0
Emery,9 HUNTINGTON WEST,County Assessor,,,,Under Votes,117
Emery,9 HUNTINGTON WEST,County Treasurer/Recorder,,,,Total Votes,560
Emery,9 HUNTINGTON WEST,County Treasurer/Recorder,,,REP,Josie STILSON,474
Emery,9 HUNTINGTON WEST,County Treasurer/Recorder,,,,Over Votes,0
Emery,9 HUNTINGTON WEST,County Treasurer/Recorder,,,,Under Votes,86
Emery,9 HUNTINGTON WEST,Retain Supreme Court Justice-Matthew B. DURRANT,,,,Total Votes,560
Emery,9 HUNTINGTON WEST,Retain Supreme Court Justice-Matthew B. DURRANT,,,NON,Yes,420
Emery,9 HUNTINGTON WEST,Retain Supreme Court Justice-Matthew B. DURRANT,,,NON,No,82
Emery,9 HUNTINGTON WEST,Retain Supreme Court Justice-Matthew B. DURRANT,,,,Over Votes,1
Emery,9 HUNTINGTON WEST,Retain Supreme Court Justice-Matthew B. DURRANT,,,,Under Votes,57
Emery,9 HUNTINGTON WEST,Retain Court of Appeals Justice-Ryan D. TENNEY,,,,Total Votes,560
Emery,9 HUNTINGTON WEST,Retain Court of Appeals Justice-Ryan D. TENNEY,,,NON,Yes,420
Emery,9 HUNTINGTON WEST,Retain Court of Appeals Justice-Ryan D. TENNEY,,,NON,No,81
Emery,9 HUNTINGTON WEST,Retain Court of Appeals Justice-Ryan D. TENNEY,,,,Over Votes,0
Emery,9 HUNTINGTON WEST,Retain Court of Appeals Justice-Ryan D. TENNEY,,,,Under Votes,59
Emery,9 HUNTINGTON WEST,Retain 7th District Court Judge-Jeremiah C. HUMES,,,,Total Votes,560
Emery,9 HUNTINGTON WEST,Retain 7th District Court Judge-Jeremiah C. HUMES,,,NON,Yes,414
Emery,9 HUNTINGTON WEST,Retain 7th District Court Judge-Jeremiah C. HUMES,,,NON,No,92
Emery,9 HUNTINGTON WEST,Retain 7th District Court Judge-Jeremiah C. HUMES,,,,Over Votes,0
Emery,9 HUNTINGTON WEST,Retain 7th District Court Judge-Jeremiah C. HUMES,,,,Under Votes,54
Emery,9 HUNTINGTON WEST,Constitutional Amendment B,,,,Total Votes,560
Emery,9 HUNTINGTON WEST,Constitutional Amendment B,,,NON,For,313
Emery,9 HUNTINGTON WEST,Constitutional Amendment B,,,NON,Against,212
Emery,9 HUNTINGTON WEST,Constitutional Amendment B,,,,Over Votes,0
Emery,9 HUNTINGTON WEST,Constitutional Amendment B,,,,Under Votes,35
Emery,9 HUNTINGTON WEST,Constitutional Amendment C,,,,Total Votes,560
Emery,9 HUNTINGTON WEST,Constitutional Amendment C,,,NON,For,470
Emery,9 HUNTINGTON WEST,Constitutional Amendment C,,,NON,Against,61
Emery,9 HUNTINGTON WEST,Constitutional Amendment C,,,,Over Votes,0
Emery,9 HUNTINGTON WEST,Constitutional Amendment C,,,,Under Votes,29
Emery,10 CLEVELAND,President,,,,Total Votes,500
Emery,10 CLEVELAND,President,,,NON,Cornel Ronald WEST / Melina ABDULLAH,0
Emery,10 CLEVELAND,President,,,NON,"Lucifer ""JUSTIN CASE"" EVERYLOVE",0
Emery,10 CLEVELAND,President,,,CON,Joel SKOUSEN / Rik COMBS,0
Emery,10 CLEVELAND,President,,,GRN,Jill STEIN / Rudolph WARE,0
Emery,10 CLEVELAND,President,,,REP,Donald J. TRUMP / JD VANCE,456
Emery,10 CLEVELAND,President,,,LBT,Chase OLIVER / Mike ter MAAT,3
Emery,10 CLEVELAND,President,,,DEM,Kamala D. HARRIS / Tim WALZ,34
Emery,10 CLEVELAND,President,,,NON,Claudia DE LA CRUZ / Karina Alexandra GARCIA,0
Emery,10 CLEVELAND,President,,,,FUTURE MADAM POTUS,0
Emery,10 CLEVELAND,President,,,,Peter SONSKI / Lauren Michelle ONAK,0
Emery,10 CLEVELAND,President,,,,Jay J BOWMAN / De D. BOWMAN,0
Emery,10 CLEVELAND,President,,,,Steve M. JOHNSON,0
Emery,10 CLEVELAND,President,,,,Andre Ramon McNEIL,0
Emery,10 CLEVELAND,President,,,,Shondra Yevette IRVING,0
Emery,10 CLEVELAND,President,,,,Buddie Arden WILKERSON,0
Emery,10 CLEVELAND,President,,,,Over Votes,0
Emery,10 CLEVELAND,President,,,,Under Votes,2
Emery,10 CLEVELAND,U.S. Senate,,,,Total Votes,500
Emery,10 CLEVELAND,U.S. Senate,,,IAP,Carlton E. BOWEN,22
Emery,10 CLEVELAND,U.S. Senate,,,REP,John CURTIS,426
Emery,10 CLEVELAND,U.S. Senate,,,DEM,Caroline GLEICH,28
Emery,10 CLEVELAND,U.S. Senate,,,,Laird FETZER HAMBLIN,0
Emery,10 CLEVELAND,U.S. Senate,,,,Over Votes,2
Emery,10 CLEVELAND,U.S. Senate,,,,Under Votes,15
Emery,10 CLEVELAND,U.S. House,3,,,Total Votes,500
Emery,10 CLEVELAND,U.S. House,3,,DEM,Glenn J. WRIGHT,26
Emery,10 CLEVELAND,U.S. House,3,,REP,Mike KENNEDY,443
Emery,10 CLEVELAND,U.S. House,3,,,Over Votes,2
Emery,10 CLEVELAND,U.S. House,3,,,Under Votes,29
Emery,10 CLEVELAND,Governor,,,,Total Votes,500
Emery,10 CLEVELAND,Governor,,,REP,Spencer J. COX / Deidre M. HENDERSON,311
Emery,10 CLEVELAND,Governor,,,IAP,Tommy WILLIAMS / Archie A. WILLIAMS III,13
Emery,10 CLEVELAND,Governor,,,DEM,Brian SMITH KING / Rebekah CUMMINGS,25
Emery,10 CLEVELAND,Governor,,,LBT,J. Robert LATHAM / Barry Evan SHORT,11
Emery,10 CLEVELAND,Governor,,,NON,Tom TOMENY / William LANSING TAYLOR,1
Emery,10 CLEVELAND,Governor,,,,Phil LYMAN / Natalie CLAWSON,123
Emery,10 CLEVELAND,Governor,,,,Charlie TAUTUAA / Sylvia MIERA FISK,0
Emery,10 CLEVELAND,Governor,,,,Over Votes,0
Emery,10 CLEVELAND,Governor,,,,Under Votes,15
Emery,10 CLEVELAND,Attorney General,,,,Total Votes,500
Emery,10 CLEVELAND,Attorney General,,,REP,Derek BROWN,428
Emery,10 CLEVELAND,Attorney General,,,DEM,Rudy J BAUTISTA,28
Emery,10 CLEVELAND,Attorney General,,,LBT,W. Andrew McCULLOUGH,2
Emery,10 CLEVELAND,Attorney General,,,NON,Austin HEPWORTH,5
Emery,10 CLEVELAND,Attorney General,,,UUP,Michelle QUIST,6
Emery,10 CLEVELAND,Attorney General,,,,Over Votes,2
Emery,10 CLEVELAND,Attorney General,,,,Under Votes,29
Emery,10 CLEVELAND,State Auditor,,,,Total Votes,500
Emery,10 CLEVELAND,State Auditor,,,REP,Tina CANNON,433
Emery,10 CLEVELAND,State Auditor,,,CON,Jeffrey L. OSTLER,10
Emery,10 CLEVELAND,State Auditor,,,DEM,Catherine VOUTAZ,26
Emery,10 CLEVELAND,State Auditor,,,,Over Votes,2
Emery,10 CLEVELAND,State Auditor,,,,Under Votes,29
Emery,10 CLEVELAND,State Treasurer,,,,Total Votes,500
Emery,10 CLEVELAND,State Treasurer,,,UFP,Miles POMEROY,10
Emery,10 CLEVELAND,State Treasurer,,,REP,Marlo M. OAKS,423
Emery,10 CLEVELAND,State Treasurer,,,DEM,Neil A HANSEN,34
Emery,10 CLEVELAND,State Treasurer,,,,Over Votes,2
Emery,10 CLEVELAND,State Treasurer,,,,Under Votes,31
Emery,10 CLEVELAND,State Senate,26,,,Total Votes,500
Emery,10 CLEVELAND,State Senate,26,,NON,Oran STAINBROOK,25
Emery,10 CLEVELAND,State Senate,26,,DEM,Corbin David FROST,32
Emery,10 CLEVELAND,State Senate,26,,REP,David HINKINS,427
Emery,10 CLEVELAND,State Senate,26,,,Over Votes,2
Emery,10 CLEVELAND,State Senate,26,,,Under Votes,14
Emery,10 CLEVELAND,State House,67,,,Total Votes,500
Emery,10 CLEVELAND,State House,67,,DEM,Joe CHRISTMAN,69
Emery,10 CLEVELAND,State House,67,,REP,Christine FACER WATKINS,401
Emery,10 CLEVELAND,State House,67,,,Over Votes,2
Emery,10 CLEVELAND,State House,67,,,Under Votes,28
Emery,10 CLEVELAND,County Commissioner,,,,Total Votes,500
Emery,10 CLEVELAND,County Commissioner,,,REP,Dennis R. WORWOOD,438
Emery,10 CLEVELAND,County Commissioner,,,,Over Votes,0
Emery,10 CLEVELAND,County Commissioner,,,,Under Votes,62
Emery,10 CLEVELAND,County Assessor,,,,Total Votes,500
Emery,10 CLEVELAND,County Assessor,,,REP,Kris BELL,409
Emery,10 CLEVELAND,County Assessor,,,,Over Votes,0
Emery,10 CLEVELAND,County Assessor,,,,Under Votes,91
Emery,10 CLEVELAND,County Treasurer/Recorder,,,,Total Votes,500
Emery,10 CLEVELAND,County Treasurer/Recorder,,,REP,Josie STILSON,438
Emery,10 CLEVELAND,County Treasurer/Recorder,,,,Over Votes,0
Emery,10 CLEVELAND,County Treasurer/Recorder,,,,Under Votes,62
Emery,10 CLEVELAND,Retain Supreme Court Justice-Matthew B. DURRANT,,,,Total Votes,500
Emery,10 CLEVELAND,Retain Supreme Court Justice-Matthew B. DURRANT,,,NON,Yes,369
Emery,10 CLEVELAND,Retain Supreme Court Justice-Matthew B. DURRANT,,,NON,No,57
Emery,10 CLEVELAND,Retain Supreme Court Justice-Matthew B. DURRANT,,,,Over Votes,0
Emery,10 CLEVELAND,Retain Supreme Court Justice-Matthew B. DURRANT,,,,Under Votes,74
Emery,10 CLEVELAND,Retain Court of Appeals Justice-Ryan D. TENNEY,,,,Total Votes,500
Emery,10 CLEVELAND,Retain Court of Appeals Justice-Ryan D. TENNEY,,,NON,Yes,355
Emery,10 CLEVELAND,Retain Court of Appeals Justice-Ryan D. TENNEY,,,NON,No,58
Emery,10 CLEVELAND,Retain Court of Appeals Justice-Ryan D. TENNEY,,,,Over Votes,2
Emery,10 CLEVELAND,Retain Court of Appeals Justice-Ryan D. TENNEY,,,,Under Votes,85
Emery,10 CLEVELAND,Retain 7th District Court Judge-Jeremiah C. HUMES,,,,Total Votes,500
Emery,10 CLEVELAND,Retain 7th District Court Judge-Jeremiah C. HUMES,,,NON,Yes,351
Emery,10 CLEVELAND,Retain 7th District Court Judge-Jeremiah C. HUMES,,,NON,No,71
Emery,10 CLEVELAND,Retain 7th District Court Judge-Jeremiah C. HUMES,,,,Over Votes,1
Emery,10 CLEVELAND,Retain 7th District Court Judge-Jeremiah C. HUMES,,,,Under Votes,77
Emery,10 CLEVELAND,Constitutional Amendment B,,,,Total Votes,500
Emery,10 CLEVELAND,Constitutional Amendment B,,,NON,For,290
Emery,10 CLEVELAND,Constitutional Amendment B,,,NON,Against,165
Emery,10 CLEVELAND,Constitutional Amendment B,,,,Over Votes,0
Emery,10 CLEVELAND,Constitutional Amendment B,,,,Under Votes,45
Emery,10 CLEVELAND,Constitutional Amendment C,,,,Total Votes,500
Emery,10 CLEVELAND,Constitutional Amendment C,,,NON,For,404
Emery,10 CLEVELAND,Constitutional Amendment C,,,NON,Against,57
Emery,10 CLEVELAND,Constitutional Amendment C,,,,Over Votes,0
Emery,10 CLEVELAND,Constitutional Amendment C,,,,Under Votes,39
Emery,11 ELMO,President,,,,Total Votes,330
Emery,11 ELMO,President,,,NON,Cornel Ronald WEST / Melina ABDULLAH,0
Emery,11 ELMO,President,,,NON,"Lucifer ""JUSTIN CASE"" EVERYLOVE",0
Emery,11 ELMO,President,,,CON,Joel SKOUSEN / Rik COMBS,3
Emery,11 ELMO,President,,,GRN,Jill STEIN / Rudolph WARE,1
Emery,11 ELMO,President,,,REP,Donald J. TRUMP / JD VANCE,278
Emery,11 ELMO,President,,,LBT,Chase OLIVER / Mike ter MAAT,2
Emery,11 ELMO,President,,,DEM,Kamala D. HARRIS / Tim WALZ,40
Emery,11 ELMO,President,,,NON,Claudia DE LA CRUZ / Karina Alexandra GARCIA,0
Emery,11 ELMO,President,,,,FUTURE MADAM POTUS,0
Emery,11 ELMO,President,,,,Peter SONSKI / Lauren Michelle ONAK,0
Emery,11 ELMO,President,,,,Jay J BOWMAN / De D. BOWMAN,0
Emery,11 ELMO,President,,,,Steve M. JOHNSON,0
Emery,11 ELMO,President,,,,Andre Ramon McNEIL,0
Emery,11 ELMO,President,,,,Shondra Yevette IRVING,0
Emery,11 ELMO,President,,,,Buddie Arden WILKERSON,0
Emery,11 ELMO,President,,,,Over Votes,1
Emery,11 ELMO,President,,,,Under Votes,3
Emery,11 ELMO,U.S. Senate,,,,Total Votes,330
Emery,11 ELMO,U.S. Senate,,,IAP,Carlton E. BOWEN,20
Emery,11 ELMO,U.S. Senate,,,REP,John CURTIS,270
Emery,11 ELMO,U.S. Senate,,,DEM,Caroline GLEICH,26
Emery,11 ELMO,U.S. Senate,,,,Laird FETZER HAMBLIN,0
Emery,11 ELMO,U.S. Senate,,,,Over Votes,0
Emery,11 ELMO,U.S. Senate,,,,Under Votes,11
Emery,11 ELMO,U.S. House,3,,,Total Votes,330
Emery,11 ELMO,U.S. House,3,,DEM,Glenn J. WRIGHT,35
Emery,11 ELMO,U.S. House,3,,REP,Mike KENNEDY,277
Emery,11 ELMO,U.S. House,3,,,Over Votes,0
Emery,11 ELMO,U.S. House,3,,,Under Votes,18
Emery,11 ELMO,Governor,,,,Total Votes,330
Emery,11 ELMO,Governor,,,REP,Spencer J. COX / Deidre M. HENDERSON,199
Emery,11 ELMO,Governor,,,IAP,Tommy WILLIAMS / Archie A. WILLIAMS III,3
Emery,11 ELMO,Governor,,,DEM,Brian SMITH KING / Rebekah CUMMINGS,34
Emery,11 ELMO,Governor,,,LBT,J. Robert LATHAM / Barry Evan SHORT,5
Emery,11 ELMO,Governor,,,NON,Tom TOMENY / William LANSING TAYLOR,2
Emery,11 ELMO,Governor,,,,Phil LYMAN / Natalie CLAWSON,71
Emery,11 ELMO,Governor,,,,Charlie TAUTUAA / Sylvia MIERA FISK,0
Emery,11 ELMO,Governor,,,,Over Votes,1
Emery,11 ELMO,Governor,,,,Under Votes,14
Emery,11 ELMO,Attorney General,,,,Total Votes,330
Emery,11 ELMO,Attorney General,,,REP,Derek BROWN,255
Emery,11 ELMO,Attorney General,,,DEM,Rudy J BAUTISTA,28
Emery,11 ELMO,Attorney General,,,LBT,W. Andrew McCULLOUGH,9
Emery,11 ELMO,Attorney General,,,NON,Austin HEPWORTH,11
Emery,11 ELMO,Attorney General,,,UUP,Michelle QUIST,9
Emery,11 ELMO,Attorney General,,,,Over Votes,0
Emery,11 ELMO,Attorney General,,,,Under Votes,18
Emery,11 ELMO,State Auditor,,,,Total Votes,330
Emery,11 ELMO,State Auditor,,,REP,Tina CANNON,263
Emery,11 ELMO,State Auditor,,,CON,Jeffrey L. OSTLER,13
Emery,11 ELMO,State Auditor,,,DEM,Catherine VOUTAZ,32
Emery,11 ELMO,State Auditor,,,,Over Votes,0
Emery,11 ELMO,State Auditor,,,,Under Votes,22
Emery,11 ELMO,State Treasurer,,,,Total Votes,330
Emery,11 ELMO,State Treasurer,,,UFP,Miles POMEROY,4
Emery,11 ELMO,State Treasurer,,,REP,Marlo M. OAKS,258
Emery,11 ELMO,State Treasurer,,,DEM,Neil A HANSEN,45
Emery,11 ELMO,State Treasurer,,,,Over Votes,0
Emery,11 ELMO,State Treasurer,,,,Under Votes,23
Emery,11 ELMO,State Senate,26,,,Total Votes,330
Emery,11 ELMO,State Senate,26,,NON,Oran STAINBROOK,11
Emery,11 ELMO,State Senate,26,,DEM,Corbin David FROST,29
Emery,11 ELMO,State Senate,26,,REP,David HINKINS,273
Emery,11 ELMO,State Senate,26,,,Over Votes,0
Emery,11 ELMO,State Senate,26,,,Under Votes,17
Emery,11 ELMO,State House,67,,,Total Votes,330
Emery,11 ELMO,State House,67,,DEM,Joe CHRISTMAN,73
Emery,11 ELMO,State House,67,,REP,Christine FACER WATKINS,229
Emery,11 ELMO,State House,67,,,Over Votes,0
Emery,11 ELMO,State House,67,,,Under Votes,28
Emery,11 ELMO,County Commissioner,,,,Total Votes,330
Emery,11 ELMO,County Commissioner,,,REP,Dennis R. WORWOOD,277
Emery,11 ELMO,County Commissioner,,,,Over Votes,0
Emery,11 ELMO,County Commissioner,,,,Under Votes,53
Emery,11 ELMO,County Assessor,,,,Total Votes,330
Emery,11 ELMO,County Assessor,,,REP,Kris BELL,263
Emery,11 ELMO,County Assessor,,,,Over Votes,0
Emery,11 ELMO,County Assessor,,,,Under Votes,67
Emery,11 ELMO,County Treasurer/Recorder,,,,Total Votes,330
Emery,11 ELMO,County Treasurer/Recorder,,,REP,Josie STILSON,290
Emery,11 ELMO,County Treasurer/Recorder,,,,Over Votes,0
Emery,11 ELMO,County Treasurer/Recorder,,,,Under Votes,40
Emery,11 ELMO,Retain Supreme Court Justice-Matthew B. DURRANT,,,,Total Votes,330
Emery,11 ELMO,Retain Supreme Court Justice-Matthew B. DURRANT,,,NON,Yes,229
Emery,11 ELMO,Retain Supreme Court Justice-Matthew B. DURRANT,,,NON,No,53
Emery,11 ELMO,Retain Supreme Court Justice-Matthew B. DURRANT,,,,Over Votes,0
Emery,11 ELMO,Retain Supreme Court Justice-Matthew B. DURRANT,,,,Under Votes,48
Emery,11 ELMO,Retain Court of Appeals Justice-Ryan D. TENNEY,,,,Total Votes,330
Emery,11 ELMO,Retain Court of Appeals Justice-Ryan D. TENNEY,,,NON,Yes,230
Emery,11 ELMO,Retain Court of Appeals Justice-Ryan D. TENNEY,,,NON,No,51
Emery,11 ELMO,Retain Court of Appeals Justice-Ryan D. TENNEY,,,,Over Votes,0
Emery,11 ELMO,Retain Court of Appeals Justice-Ryan D. TENNEY,,,,Under Votes,49
Emery,11 ELMO,Retain 7th District Court Judge-Jeremiah C. HUMES,,,,Total Votes,330
Emery,11 ELMO,Retain 7th District Court Judge-Jeremiah C. HUMES,,,NON,Yes,228
Emery,11 ELMO,Retain 7th District Court Judge-Jeremiah C. HUMES,,,NON,No,60
Emery,11 ELMO,Retain 7th District Court Judge-Jeremiah C. HUMES,,,,Over Votes,0
Emery,11 ELMO,Retain 7th District Court Judge-Jeremiah C. HUMES,,,,Under Votes,42
Emery,11 ELMO,Constitutional Amendment B,,,,Total Votes,330
Emery,11 ELMO,Constitutional Amendment B,,,NON,For,186
Emery,11 ELMO,Constitutional Amendment B,,,NON,Against,123
Emery,11 ELMO,Constitutional Amendment B,,,,Over Votes,0
Emery,11 ELMO,Constitutional Amendment B,,,,Under Votes,21
Emery,11 ELMO,Constitutional Amendment C,,,,Total Votes,330
Emery,11 ELMO,Constitutional Amendment C,,,NON,For,253
Emery,11 ELMO,Constitutional Amendment C,,,NON,Against,56
Emery,11 ELMO,Constitutional Amendment C,,,,Over Votes,0
Emery,11 ELMO,Constitutional Amendment C,,,,Under Votes,21
Emery,12 GREEN RIVER,President,,,,Total Votes,344
Emery,12 GREEN RIVER,President,,,NON,Cornel Ronald WEST / Melina ABDULLAH,1
Emery,12 GREEN RIVER,President,,,NON,"Lucifer ""JUSTIN CASE"" EVERYLOVE",0
Emery,12 GREEN RIVER,President,,,CON,Joel SKOUSEN / Rik COMBS,1
Emery,12 GREEN RIVER,President,,,GRN,Jill STEIN / Rudolph WARE,1
Emery,12 GREEN RIVER,President,,,REP,Donald J. TRUMP / JD VANCE,270
Emery,12 GREEN RIVER,President,,,LBT,Chase OLIVER / Mike ter MAAT,3
Emery,12 GREEN RIVER,President,,,DEM,Kamala D. HARRIS / Tim WALZ,64
Emery,12 GREEN RIVER,President,,,NON,Claudia DE LA CRUZ / Karina Alexandra GARCIA,1
Emery,12 GREEN RIVER,President,,,,FUTURE MADAM POTUS,0
Emery,12 GREEN RIVER,President,,,,Peter SONSKI / Lauren Michelle ONAK,0
Emery,12 GREEN RIVER,President,,,,Jay J BOWMAN / De D. BOWMAN,0
Emery,12 GREEN RIVER,President,,,,Steve M. JOHNSON,0
Emery,12 GREEN RIVER,President,,,,Andre Ramon McNEIL,0
Emery,12 GREEN RIVER,President,,,,Shondra Yevette IRVING,0
Emery,12 GREEN RIVER,President,,,,Buddie Arden WILKERSON,0
Emery,12 GREEN RIVER,President,,,,Over Votes,0
Emery,12 GREEN RIVER,President,,,,Under Votes,0
Emery,12 GREEN RIVER,U.S. Senate,,,,Total Votes,344
Emery,12 GREEN RIVER,U.S. Senate,,,IAP,Carlton E. BOWEN,15
Emery,12 GREEN RIVER,U.S. Senate,,,REP,John CURTIS,267
Emery,12 GREEN RIVER,U.S. Senate,,,DEM,Caroline GLEICH,56
Emery,12 GREEN RIVER,U.S. Senate,,,,Laird FETZER HAMBLIN,0
Emery,12 GREEN RIVER,U.S. Senate,,,,Over Votes,0
Emery,12 GREEN RIVER,U.S. Senate,,,,Under Votes,4
Emery,12 GREEN RIVER,U.S. House,3,,,Total Votes,344
Emery,12 GREEN RIVER,U.S. House,3,,DEM,Glenn J. WRIGHT,62
Emery,12 GREEN RIVER,U.S. House,3,,REP,Mike KENNEDY,273
Emery,12 GREEN RIVER,U.S. House,3,,,Over Votes,0
Emery,12 GREEN RIVER,U.S. House,3,,,Under Votes,9
Emery,12 GREEN RIVER,Governor,,,,Total Votes,344
Emery,12 GREEN RIVER,Governor,,,REP,Spencer J. COX / Deidre M. HENDERSON,208
Emery,12 GREEN RIVER,Governor,,,IAP,Tommy WILLIAMS / Archie A. WILLIAMS III,6
Emery,12 GREEN RIVER,Governor,,,DEM,Brian SMITH KING / Rebekah CUMMINGS,58
Emery,12 GREEN RIVER,Governor,,,LBT,J. Robert LATHAM / Barry Evan SHORT,4
Emery,12 GREEN RIVER,Governor,,,NON,Tom TOMENY / William LANSING TAYLOR,1
Emery,12 GREEN RIVER,Governor,,,,Phil LYMAN / Natalie CLAWSON,53
Emery,12 GREEN RIVER,Governor,,,,Charlie TAUTUAA / Sylvia MIERA FISK,0
Emery,12 GREEN RIVER,Governor,,,,Over Votes,5
Emery,12 GREEN RIVER,Governor,,,,Under Votes,9
Emery,12 GREEN RIVER,Attorney General,,,,Total Votes,344
Emery,12 GREEN RIVER,Attorney General,,,REP,Derek BROWN,249
Emery,12 GREEN RIVER,Attorney General,,,DEM,Rudy J BAUTISTA,56
Emery,12 GREEN RIVER,Attorney General,,,LBT,W. Andrew McCULLOUGH,12
Emery,12 GREEN RIVER,Attorney General,,,NON,Austin HEPWORTH,7
Emery,12 GREEN RIVER,Attorney General,,,UUP,Michelle QUIST,11
Emery,12 GREEN RIVER,Attorney General,,,,Over Votes,0
Emery,12 GREEN RIVER,Attorney General,,,,Under Votes,9
Emery,12 GREEN RIVER,State Auditor,,,,Total Votes,344
Emery,12 GREEN RIVER,State Auditor,,,REP,Tina CANNON,265
Emery,12 GREEN RIVER,State Auditor,,,CON,Jeffrey L. OSTLER,12
Emery,12 GREEN RIVER,State Auditor,,,DEM,Catherine VOUTAZ,59
Emery,12 GREEN RIVER,State Auditor,,,,Over Votes,0
Emery,12 GREEN RIVER,State Auditor,,,,Under Votes,8
Emery,12 GREEN RIVER,State Treasurer,,,,Total Votes,344
Emery,12 GREEN RIVER,State Treasurer,,,UFP,Miles POMEROY,10
Emery,12 GREEN RIVER,State Treasurer,,,REP,Marlo M. OAKS,256
Emery,12 GREEN RIVER,State Treasurer,,,DEM,Neil A HANSEN,66
Emery,12 GREEN RIVER,State Treasurer,,,,Over Votes,0
Emery,12 GREEN RIVER,State Treasurer,,,,Under Votes,12
Emery,12 GREEN RIVER,State Senate,26,,,Total Votes,344
Emery,12 GREEN RIVER,State Senate,26,,NON,Oran STAINBROOK,19
Emery,12 GREEN RIVER,State Senate,26,,DEM,Corbin David FROST,61
Emery,12 GREEN RIVER,State Senate,26,,REP,David HINKINS,256
Emery,12 GREEN RIVER,State Senate,26,,,Over Votes,0
Emery,12 GREEN RIVER,State Senate,26,,,Under Votes,8
Emery,12 GREEN RIVER,State House,69,,,Total Votes,344
Emery,12 GREEN RIVER,State House,69,,REP,Logan James MONSON,248
Emery,12 GREEN RIVER,State House,69,,DEM,Davina SMITH,87
Emery,12 GREEN RIVER,State House,69,,,Over Votes,0
Emery,12 GREEN RIVER,State House,69,,,Under Votes,9
Emery,12 GREEN RIVER,County Commissioner,,,,Total Votes,344
Emery,12 GREEN RIVER,County Commissioner,,,REP,Dennis R. WORWOOD,282
Emery,12 GREEN RIVER,County Commissioner,,,,Over Votes,0
Emery,12 GREEN RIVER,County Commissioner,,,,Under Votes,62
Emery,12 GREEN RIVER,County Assessor,,,,Total Votes,344
Emery,12 GREEN RIVER,County Assessor,,,REP,Kris BELL,268
Emery,12 GREEN RIVER,County Assessor,,,,Over Votes,0
Emery,12 GREEN RIVER,County Assessor,,,,Under Votes,76
Emery,12 GREEN RIVER,County Treasurer/Recorder,,,,Total Votes,344
Emery,12 GREEN RIVER,County Treasurer/Recorder,,,REP,Josie STILSON,277
Emery,12 GREEN RIVER,County Treasurer/Recorder,,,,Over Votes,0
Emery,12 GREEN RIVER,County Treasurer/Recorder,,,,Under Votes,67
Emery,12 GREEN RIVER,Retain Supreme Court Justice-Matthew B. DURRANT,,,,Total Votes,344
Emery,12 GREEN RIVER,Retain Supreme Court Justice-Matthew B. DURRANT,,,NON,Yes,261
Emery,12 GREEN RIVER,Retain Supreme Court Justice-Matthew B. DURRANT,,,NON,No,42
Emery,12 GREEN RIVER,Retain Supreme Court Justice-Matthew B. DURRANT,,,,Over Votes,0
Emery,12 GREEN RIVER,Retain Supreme Court Justice-Matthew B. DURRANT,,,,Under Votes,41
Emery,12 GREEN RIVER,Retain Court of Appeals Justice-Ryan D. TENNEY,,,,Total Votes,344
Emery,12 GREEN RIVER,Retain Court of Appeals Justice-Ryan D. TENNEY,,,NON,Yes,262
Emery,12 GREEN RIVER,Retain Court of Appeals Justice-Ryan D. TENNEY,,,NON,No,42
Emery,12 GREEN RIVER,Retain Court of Appeals Justice-Ryan D. TENNEY,,,,Over Votes,0
Emery,12 GREEN RIVER,Retain Court of Appeals Justice-Ryan D. TENNEY,,,,Under Votes,40
Emery,12 GREEN RIVER,Retain 7th District Court Judge-Jeremiah C. HUMES,,,,Total Votes,344
Emery,12 GREEN RIVER,Retain 7th District Court Judge-Jeremiah C. HUMES,,,NON,Yes,263
Emery,12 GREEN RIVER,Retain 7th District Court Judge-Jeremiah C. HUMES,,,NON,No,43
Emery,12 GREEN RIVER,Retain 7th District Court Judge-Jeremiah C. HUMES,,,,Over Votes,0
Emery,12 GREEN RIVER,Retain 7th District Court Judge-Jeremiah C. HUMES,,,,Under Votes,38
Emery,12 GREEN RIVER,Constitutional Amendment B,,,,Total Votes,344
Emery,12 GREEN RIVER,Constitutional Amendment B,,,NON,For,221
Emery,12 GREEN RIVER,Constitutional Amendment B,,,NON,Against,105
Emery,12 GREEN RIVER,Constitutional Amendment B,,,,Over Votes,0
Emery,12 GREEN RIVER,Constitutional Amendment B,,,,Under Votes,18
Emery,12 GREEN RIVER,Constitutional Amendment C,,,,Total Votes,344
Emery,12 GREEN RIVER,Constitutional Amendment C,,,NON,For,285
Emery,12 GREEN RIVER,Constitutional Amendment C,,,NON,Against,41
Emery,12 GREEN RIVER,Constitutional Amendment C,,,,Over Votes,0
Emery,12 GREEN RIVER,Constitutional Amendment C,,,,Under Votes,18
Emery,FEDERAL,President,,,,Total Votes,0
Emery,FEDERAL,President,,,NON,Cornel Ronald WEST / Melina ABDULLAH,0
Emery,FEDERAL,President,,,NON,"Lucifer ""JUSTIN CASE"" EVERYLOVE",0
Emery,FEDERAL,President,,,CON,Joel SKOUSEN / Rik COMBS,0
Emery,FEDERAL,President,,,GRN,Jill STEIN / Rudolph WARE,0
Emery,FEDERAL,President,,,REP,Donald J. TRUMP / JD VANCE,0
Emery,FEDERAL,President,,,LBT,Chase OLIVER / Mike ter MAAT,0
Emery,FEDERAL,President,,,DEM,Kamala D. HARRIS / Tim WALZ,0
Emery,FEDERAL,President,,,NON,Claudia DE LA CRUZ / Karina Alexandra GARCIA,0
Emery,FEDERAL,President,,,,FUTURE MADAM POTUS,0
Emery,FEDERAL,President,,,,Peter SONSKI / Lauren Michelle ONAK,0
Emery,FEDERAL,President,,,,Jay J BOWMAN / De D. BOWMAN,0
Emery,FEDERAL,President,,,,Steve M. JOHNSON,0
Emery,FEDERAL,President,,,,Andre Ramon McNEIL,0
Emery,FEDERAL,President,,,,Shondra Yevette IRVING,0
Emery,FEDERAL,President,,,,Buddie Arden WILKERSON,0
Emery,FEDERAL,President,,,,Over Votes,0
Emery,FEDERAL,President,,,,Under Votes,0
Emery,FEDERAL,U.S. Senate,,,,Total Votes,0
Emery,FEDERAL,U.S. Senate,,,IAP,Carlton E. BOWEN,0
Emery,FEDERAL,U.S. Senate,,,REP,John CURTIS,0
Emery,FEDERAL,U.S. Senate,,,DEM,Caroline GLEICH,0
Emery,FEDERAL,U.S. Senate,,,,Laird FETZER HAMBLIN,0
Emery,FEDERAL,U.S. Senate,,,,Over Votes,0
Emery,FEDERAL,U.S. Senate,,,,Under Votes,0
Emery,FEDERAL,U.S. House,3,,,Total Votes,0
Emery,FEDERAL,U.S. House,3,,DEM,Glenn J. WRIGHT,0
Emery,FEDERAL,U.S. House,3,,REP,Mike KENNEDY,0
Emery,FEDERAL,U.S. House,3,,,Over Votes,0
Emery,FEDERAL,U.S. House,3,,,Under Votes,0
